Date;IMOEX;RUB/USD
01.01.2015;;56.2376
02.01.2015;;
03.01.2015;;
04.01.2015;;
05.01.2015;1435.66;
06.01.2015;1480.73;
07.01.2015;;
08.01.2015;1547.39;
09.01.2015;1515.37;
10.01.2015;;
11.01.2015;;
12.01.2015;1513.22;
13.01.2015;1533.09;62.7363
14.01.2015;1554.46;64.8425
15.01.2015;1563.21;66.0983
16.01.2015;1591.43;64.8337
17.01.2015;;65.1738
18.01.2015;;
19.01.2015;1576.4;65.1738
20.01.2015;1570.97;64.9732
21.01.2015;1618.17;64.9862
22.01.2015;1666.56;65.5558
23.01.2015;1671.8;65.4
24.01.2015;;63.393
25.01.2015;;
26.01.2015;1642.37;63.393
27.01.2015;1673.92;65.5937
28.01.2015;1647.71;67.8153
29.01.2015;1639.65;67.1506
30.01.2015;1647.69;68.7303
31.01.2015;;68.9291
01.02.2015;;
02.02.2015;1625.31;68.9291
03.02.2015;1654.36;69.664
04.02.2015;1656.02;67.7727
05.02.2015;1696.06;65.447
06.02.2015;1755.45;68.6113
07.02.2015;;66.0432
08.02.2015;;
09.02.2015;1748.55;66.0432
10.02.2015;1742.35;65.7817
11.02.2015;1763.6;65.4469
12.02.2015;1802.8;66.0585
13.02.2015;1838.18;66.0994
14.02.2015;;65.0862
15.02.2015;;
16.02.2015;1800.59;65.0862
17.02.2015;1793.82;62.6632
18.02.2015;1809.67;62.8353
19.02.2015;1797.87;62.4001
20.02.2015;1792.7;62.1307
21.02.2015;;61.7235
22.02.2015;;
23.02.2015;;61.7235
24.02.2015;1772.16;
25.02.2015;1746.23;63.5083
26.02.2015;1760.66;62.5906
27.02.2015;1758.97;60.7109
28.02.2015;;61.2718
01.03.2015;;
02.03.2015;1783.34;61.2718
03.03.2015;1807.7;62.2248
04.03.2015;1759.35;62.3649
05.03.2015;1760.55;61.8745
06.03.2015;1728.55;61.8457
07.03.2015;;59.9938
08.03.2015;;
09.03.2015;;59.9938
10.03.2015;1665.38;
11.03.2015;1671.47;60.6649
12.03.2015;1664.7;62.6797
13.03.2015;1627.88;60.9595
14.03.2015;;61.3167
15.03.2015;;
16.03.2015;1609.85;61.3167
17.03.2015;1611.69;62.1497
18.03.2015;1632.12;61.751
19.03.2015;1607.97;61.3483
20.03.2015;1628.64;59.8308
21.03.2015;;60.0341
22.03.2015;;
23.03.2015;1602.85;60.0341
24.03.2015;1618.62;59.4452
25.03.2015;1615.5;58.771
26.03.2015;1581.84;57.3879
27.03.2015;1571.55;56.4271
28.03.2015;;57.7279
29.03.2015;;
30.03.2015;1612.84;57.7279
31.03.2015;1626.18;58.4643
01.04.2015;1661.9;57.65
02.04.2015;1679.24;58.3536
03.04.2015;1681.47;56.9902
04.04.2015;;56.7534
05.04.2015;;
06.04.2015;1700.64;56.7534
07.04.2015;1695.64;56.5161
08.04.2015;1683.63;55.3328
09.04.2015;1667.6;54.027
10.04.2015;1657.02;52.5424
11.04.2015;;51.0678
12.04.2015;;
13.04.2015;1678.19;51.0678
14.04.2015;1647.39;52.422
15.04.2015;1677.7;51.9749
16.04.2015;1686.79;50.5033
17.04.2015;1656.59;49.6749
18.04.2015;;50.5295
19.04.2015;;
20.04.2015;1683.24;50.5295
21.04.2015;1710.24;51.5207
22.04.2015;1677.56;53.9728
23.04.2015;1662.64;53.6555
24.04.2015;1682.7;51.6011
25.04.2015;;50.2473
26.04.2015;;
27.04.2015;1677.22;50.2473
28.04.2015;1677.89;51.469
29.04.2015;1670.99;52.3041
30.04.2015;1688.34;51.7029
01.05.2015;;51.1388
02.05.2015;;
03.05.2015;;
04.05.2015;;
05.05.2015;1721.8;
06.05.2015;1714.31;51.7574
07.05.2015;1686.98;49.9816
08.05.2015;1708.52;50.3615
09.05.2015;;50.7511
10.05.2015;;
11.05.2015;;50.7511
12.05.2015;1704.62;
13.05.2015;1682.26;50.914
14.05.2015;1677.57;49.5366
15.05.2015;1691.46;50.0774
16.05.2015;;50.0115
17.05.2015;;
18.05.2015;1678.55;50.0115
19.05.2015;1659.36;49.2175
20.05.2015;1636.86;49.1777
21.05.2015;1659.33;49.7919
22.05.2015;1665.66;49.9204
23.05.2015;;49.7901
24.05.2015;;
25.05.2015;1655.4;49.7901
26.05.2015;1651.66;49.8613
27.05.2015;1660.98;50.3223
28.05.2015;1657.62;51.0178
29.05.2015;1609.19;52.2907
30.05.2015;;52.9716
31.05.2015;;
01.06.2015;1616.94;52.9716
02.06.2015;1643.41;52.8213
03.06.2015;1628.87;53.4413
04.06.2015;1638.07;53.059
05.06.2015;1652.07;54.9908
06.06.2015;;56.2463
07.06.2015;;
08.06.2015;1646.89;56.2463
09.06.2015;1664.01;56.0435
10.06.2015;1653.09;55.91
11.06.2015;1652.24;54.8219
12.06.2015;;54.5285
13.06.2015;;
14.06.2015;;
15.06.2015;1657.29;
16.06.2015;1668.82;55.2679
17.06.2015;1664.66;54.0409
18.06.2015;1660.14;53.8999
19.06.2015;1663.03;53.3301
20.06.2015;;53.8006
21.06.2015;;
22.06.2015;1671.8;53.8006
23.06.2015;1657.23;53.5569
24.06.2015;1651.85;54.2081
25.06.2015;1631.99;54.0746
26.06.2015;1644.45;54.6026
27.06.2015;;54.8126
28.06.2015;;
29.06.2015;1634.93;54.8126
30.06.2015;1654.55;55.524
01.07.2015;1639.7;55.8413
02.07.2015;1641.05;55.4756
03.07.2015;1631.65;55.6555
04.07.2015;;55.6049
05.07.2015;;
06.07.2015;1621.27;55.6049
07.07.2015;1614.14;56.4112
08.07.2015;1595;57.2192
09.07.2015;1614.59;57.2174
10.07.2015;1623.99;56.9803
11.07.2015;;56.6685
12.07.2015;;
13.07.2015;1642.97;56.6685
14.07.2015;1647.01;56.6079
15.07.2015;1641.22;56.9774
16.07.2015;1652.59;56.6642
17.07.2015;1650.08;56.9504
18.07.2015;;56.8423
19.07.2015;;
20.07.2015;1626.76;56.8423
21.07.2015;1635.69;56.8336
22.07.2015;1635.63;57.0025
23.07.2015;1616.14;57.0232
24.07.2015;1595.61;57.3578
25.07.2015;;58.0374
26.07.2015;;
27.07.2015;1584.92;58.0374
28.07.2015;1604.5;58.7816
29.07.2015;1622.32;60.2231
30.07.2015;1636.72;59.7665
31.07.2015;1669;58.9906
01.08.2015;;60.3458
02.08.2015;;
03.08.2015;1663.74;60.3458
04.08.2015;1674.46;62.4677
05.08.2015;1693.07;62.9182
06.08.2015;1675.71;62.7184
07.08.2015;1690.44;63.8644
08.08.2015;;63.8399
09.08.2015;;
10.08.2015;1702.02;63.8399
11.08.2015;1697.87;64.4977
12.08.2015;1697.65;63.2098
13.08.2015;1704.11;65.0169
14.08.2015;1712.47;63.9988
15.08.2015;;64.9363
16.08.2015;;
17.08.2015;1707.95;64.9363
18.08.2015;1691.24;65.5034
19.08.2015;1673.86;65.8289
20.08.2015;1695.57;65.7222
21.08.2015;1663.31;66.9608
22.08.2015;;68.1216
23.08.2015;;
24.08.2015;1634.14;68.1216
25.08.2015;1658.13;70.7465
26.08.2015;1660.95;69.9461
27.08.2015;1695.22;69.3142
28.08.2015;1719.16;67.4473
29.08.2015;;66.4779
30.08.2015;;
31.08.2015;1733.17;66.4779
01.09.2015;1697.99;66.7152
02.09.2015;1690.82;65.3495
03.09.2015;1710.57;66.6756
04.09.2015;1698.16;67.0102
05.09.2015;;67.685
06.09.2015;;
07.09.2015;1701.18;67.685
08.09.2015;1714.18;68.4864
09.09.2015;1722.43;68.7932
10.09.2015;1718.9;67.6219
11.09.2015;1718.06;68.4961
12.09.2015;;68.0093
13.09.2015;;
14.09.2015;1729.75;68.0093
15.09.2015;1716.26;67.9571
16.09.2015;1731.81;67.1574
17.09.2015;1729.2;65.9273
18.09.2015;1710.84;65.3623
19.09.2015;;65.6445
20.09.2015;;
21.09.2015;1699.72;65.6445
22.09.2015;1664.25;66.1455
23.09.2015;1640.7;66.1747
24.09.2015;1621.43;66.041
25.09.2015;1639.64;66.5151
26.09.2015;;65.6727
27.09.2015;;
28.09.2015;1616.36;65.6727
29.09.2015;1630.51;65.547
30.09.2015;1642.97;66.2367
01.10.2015;1626.97;65.7364
02.10.2015;1612.56;65.0336
03.10.2015;;65.9414
04.10.2015;;
05.10.2015;1652.47;65.9414
06.10.2015;1670.69;65.6248
07.10.2015;1679.49;65.0962
08.10.2015;1689.32;62.7061
09.10.2015;1728.44;62.2942
10.10.2015;;61.2967
11.10.2015;;
12.10.2015;1710.6;61.2967
13.10.2015;1720.81;61.1535
14.10.2015;1723.01;62.2237
15.10.2015;1731.91;63.1248
16.10.2015;1717;62.2433
17.10.2015;;61.3587
18.10.2015;;
19.10.2015;1716.08;61.3587
20.10.2015;1722.62;61.4419
21.10.2015;1709.94;62.162
22.10.2015;1712.1;62.6309
23.10.2015;1725.45;62.7888
24.10.2015;;61.9286
25.10.2015;;
26.10.2015;1712.13;61.9286
27.10.2015;1725.89;62.5038
28.10.2015;1726.61;63.5004
29.10.2015;1708.6;65.3159
30.10.2015;1711.53;64.1686
31.10.2015;;64.3742
01.11.2015;;
02.11.2015;1735.75;64.3742
03.11.2015;1763.6;63.7993
04.11.2015;;63.8525
05.11.2015;1766.28;
06.11.2015;1754.36;63.3991
07.11.2015;;63.6832
08.11.2015;;
09.11.2015;1751.44;63.6832
10.11.2015;1746.94;64.6606
11.11.2015;1740.56;64.3908
12.11.2015;1739.96;64.5693
13.11.2015;1728.17;65.4541
14.11.2015;;66.6343
15.11.2015;;
16.11.2015;1739.8;66.6343
17.11.2015;1787.23;66.4607
18.11.2015;1810.48;65.4799
19.11.2015;1811.2;64.7785
20.11.2015;1826.72;64.912
21.11.2015;;64.8673
22.11.2015;;
23.11.2015;1868.07;64.8673
24.11.2015;1810.05;65.5973
25.11.2015;1833.53;65.621
26.11.2015;1828.3;65.4789
27.11.2015;1795.7;65.6836
28.11.2015;;66.2393
29.11.2015;;
30.11.2015;1771.05;66.2393
01.12.2015;1772.97;66.737
02.12.2015;1770.13;66.2584
03.12.2015;1787.23;66.7402
04.12.2015;1755.22;67.7691
05.12.2015;;67.6698
06.12.2015;;
07.12.2015;1741.14;67.6698
08.12.2015;1718.77;68.5156
09.12.2015;1733.09;69.3026
10.12.2015;1732.89;69.2
11.12.2015;1720.31;69.2151
12.12.2015;;69.1755
13.12.2015;;
14.12.2015;1708.7;69.1755
15.12.2015;1742.46;70.2244
16.12.2015;1754.71;70.8295
17.12.2015;1780.97;70.4012
18.12.2015;1719.16;70.5806
19.12.2015;;71.3215
20.12.2015;;
21.12.2015;1716.91;71.3215
22.12.2015;1723.35;71.2553
23.12.2015;1747.85;71.1211
24.12.2015;1742.71;70.9333
25.12.2015;1734.21;69.5165
26.12.2015;;70.269
27.12.2015;;
28.12.2015;1731.2;70.269
29.12.2015;1763.38;70.7865
30.12.2015;1761.36;72.5066
31.12.2015;1761.36;72.8827
01.01.2016;;72.9299
02.01.2016;;
03.01.2016;;
04.01.2016;1734.56;
05.01.2016;1754.13;
06.01.2016;1748.57;
07.01.2016;;
08.01.2016;;
09.01.2016;;
10.01.2016;;
11.01.2016;1682.54;
12.01.2016;1690.3;75.9507
13.01.2016;1684.78;76.6041
14.01.2016;1680.77;76.4275
15.01.2016;1608.36;76.523
16.01.2016;;76.565
17.01.2016;;
18.01.2016;1622.43;76.565
19.01.2016;1645.56;78.6678
20.01.2016;1630.39;78.4862
21.01.2016;1677.19;79.4614
22.01.2016;1717.98;83.5913
23.01.2016;;80.5714
24.01.2016;;
25.01.2016;1716.56;80.5714
26.01.2016;1705.01;77.7965
27.01.2016;1747.57;81.8394
28.01.2016;1771.93;78.9969
29.01.2016;1784.92;77.3674
30.01.2016;;75.1723
31.01.2016;;
01.02.2016;1773.21;75.1723
02.02.2016;1758.26;76.3264
03.02.2016;1746.35;77.9273
04.02.2016;1787.93;79.2593
05.02.2016;1780.59;76.4609
06.02.2016;;77.3409
07.02.2016;;
08.02.2016;1744.27;77.3409
09.02.2016;1723.36;76.8614
10.02.2016;1730.83;78.6805
11.02.2016;1711.58;79.0689
12.02.2016;1726.04;79.1144
13.02.2016;;79.4951
14.02.2016;;
15.02.2016;1738.54;79.4951
16.02.2016;1753.86;77.7792
17.02.2016;1770.31;76.245
18.02.2016;1807.21;77.8503
19.02.2016;1793.37;75.4575
20.02.2016;1790.15;76.3657
21.02.2016;;77.1326
22.02.2016;1822.38;
23.02.2016;;
24.02.2016;1797.27;
25.02.2016;1803.89;76.3928
26.02.2016;1816.73;76.3929
27.02.2016;;75.0903
28.02.2016;;
29.02.2016;1840.17;75.0903
01.03.2016;1844.17;75.8994
02.03.2016;1832.84;74.0536
03.03.2016;1858.69;73.6256
04.03.2016;1878.29;73.8242
05.03.2016;;73.1854
06.03.2016;;
07.03.2016;1909.57;73.1854
08.03.2016;;
09.03.2016;1883;
10.03.2016;1884.63;72.3775
11.03.2016;1876.54;71.0928
12.03.2016;;70.3067
13.03.2016;;
14.03.2016;1865.31;70.3067
15.03.2016;1855.06;70.1542
16.03.2016;1871.2;70.5408
17.03.2016;1890.79;71.0256
18.03.2016;1914.02;68.5598
19.03.2016;;68.4026
20.03.2016;;
21.03.2016;1904.5;68.4026
22.03.2016;1903.47;68.8086
23.03.2016;1879.89;67.7764
24.03.2016;1866.67;67.6409
25.03.2016;1866.23;68.9328
26.03.2016;;68.4346
27.03.2016;;
28.03.2016;1849.31;68.4346
29.03.2016;1845.2;67.7807
30.03.2016;1868.1;68.7549
31.03.2016;1871.15;67.6076
01.04.2016;1856.77;67.8552
02.04.2016;;67.141
03.04.2016;;
04.04.2016;1866.64;67.141
05.04.2016;1857.09;68.6753
06.04.2016;1860.17;68.8901
07.04.2016;1858.85;68.5215
08.04.2016;1877.27;67.796
09.04.2016;;67.4662
10.04.2016;;
11.04.2016;1906.9;67.4662
12.04.2016;1899.26;67.125
13.04.2016;1932.8;66.3456
14.04.2016;1915.85;65.7662
15.04.2016;1907.78;66.4954
16.04.2016;;66.0452
17.04.2016;;
18.04.2016;1892.64;66.0452
19.04.2016;1930.14;68.2724
20.04.2016;1960.18;65.6474
21.04.2016;1950.08;66.0364
22.04.2016;1967.26;65.0254
23.04.2016;;66.2198
24.04.2016;;
25.04.2016;1955.47;66.2198
26.04.2016;1946.55;66.6295
27.04.2016;1934.77;66.4559
28.04.2016;1969.89;65.1618
29.04.2016;1953.05;65.1133
30.04.2016;;64.3334
01.05.2016;;
02.05.2016;;64.3334
03.05.2016;;
04.05.2016;1925.58;
05.05.2016;1906.48;66.1718
06.05.2016;1901.56;65.8918
07.05.2016;;66.1928
08.05.2016;;
09.05.2016;;66.1928
10.05.2016;1885.34;
11.05.2016;1909.05;66.3277
12.05.2016;1901.9;66.2428
13.05.2016;1907.19;64.9607
14.05.2016;;64.9306
15.05.2016;;
16.05.2016;1915.33;64.9306
17.05.2016;1909;64.8895
18.05.2016;1917.24;64.5138
19.05.2016;1891.52;65.0641
20.05.2016;1891.33;66.211
21.05.2016;;66.3775
22.05.2016;;
23.05.2016;1868.43;66.3775
24.05.2016;1884.12;67.0475
25.05.2016;1898.75;67.0493
26.05.2016;1914.31;65.8949
27.05.2016;1927.58;65.2062
28.05.2016;;66.0413
29.05.2016;;
30.05.2016;1935.54;66.0413
31.05.2016;1899.01;66.0825
01.06.2016;1893.18;65.9962
02.06.2016;1890.78;66.6156
03.06.2016;1886.84;66.7491
04.06.2016;;66.8529
05.06.2016;;
06.06.2016;1915.54;66.8529
07.06.2016;1951.26;65.7894
08.06.2016;1951.55;65.2089
09.06.2016;1934.92;64.6797
10.06.2016;1903.61;63.7402
11.06.2016;;64.7077
12.06.2016;;
13.06.2016;;64.7077
14.06.2016;1885.92;
15.06.2016;1889.75;66.0306
16.06.2016;1869.78;65.9156
17.06.2016;1877.07;65.8618
18.06.2016;;65.4398
19.06.2016;;
20.06.2016;1902.7;65.4398
21.06.2016;1904.02;64.1509
22.06.2016;1896.7;64.1743
23.06.2016;1919.27;63.7162
24.06.2016;1884.41;64.3212
25.06.2016;;65.5287
26.06.2016;;
27.06.2016;1841.73;65.5287
28.06.2016;1857.23;65.0588
29.06.2016;1888.15;64.8095
30.06.2016;1891.09;64.2575
01.07.2016;1896.62;64.1755
02.07.2016;;64.0165
03.07.2016;;
04.07.2016;1907.48;64.0165
05.07.2016;1895.64;63.6844
06.07.2016;1879.42;64.2676
07.07.2016;1882.41;64.6304
08.07.2016;1894.35;64.05
09.07.2016;;64.2488
10.07.2016;;
11.07.2016;1913.12;64.2488
12.07.2016;1938.36;64.2024
13.07.2016;1935.88;63.9029
14.07.2016;1942.46;63.8531
15.07.2016;1940.85;63.5773
16.07.2016;;63.1697
17.07.2016;;
18.07.2016;1936.07;63.1697
19.07.2016;1915.89;63.1154
20.07.2016;1915.09;62.9891
21.07.2016;1927.7;63.4183
22.07.2016;1926.9;63.7373
23.07.2016;;64.627
24.07.2016;;
25.07.2016;1931.78;64.627
26.07.2016;1938.52;64.9184
27.07.2016;1938.65;65.7408
28.07.2016;1954.45;65.9467
29.07.2016;1944.62;66.1125
30.07.2016;;67.0512
31.07.2016;;
01.08.2016;1947.36;67.0512
02.08.2016;1912.69;65.9553
03.08.2016;1919.15;66.8816
04.08.2016;1944.94;66.742
05.08.2016;1944.31;66.3941
06.08.2016;;65.5627
07.08.2016;;
08.08.2016;1956.99;65.5627
09.08.2016;1956.42;65.0799
10.08.2016;1942.67;64.7848
11.08.2016;1952.18;64.8137
12.08.2016;1967.18;64.9497
13.08.2016;;64.3364
14.08.2016;;
15.08.2016;1977.28;64.3364
16.08.2016;1975.8;64.2076
17.08.2016;1969.19;63.9514
18.08.2016;1970.07;63.9943
19.08.2016;1959.72;63.5487
20.08.2016;;63.9391
21.08.2016;;
22.08.2016;1979.09;63.9391
23.08.2016;1989.51;64.2078
24.08.2016;1983.59;64.7684
25.08.2016;1985.56;64.814
26.08.2016;1993.35;64.9459
27.08.2016;;64.738
28.08.2016;;
29.08.2016;1986.72;64.738
30.08.2016;1985.69;65.081
31.08.2016;1971.59;64.9072
01.09.2016;1976.91;65.2535
02.09.2016;2003.77;65.2566
03.09.2016;;65.8684
04.09.2016;;
05.09.2016;2017.38;65.8684
06.09.2016;2039.53;64.7644
07.09.2016;2053.75;64.8306
08.09.2016;2050.77;64.3804
09.09.2016;2028.25;63.973
10.09.2016;;64.1617
11.09.2016;;
12.09.2016;2019.9;64.1617
13.09.2016;2004.5;65.0539
14.09.2016;2004.48;64.8102
15.09.2016;1996.58;64.9737
16.09.2016;1981.96;65.217
17.09.2016;;64.994
18.09.2016;;
19.09.2016;1986.97;64.994
20.09.2016;1991.78;64.9173
21.09.2016;1997.67;64.7513
22.09.2016;2025.3;64.4424
23.09.2016;2011.83;63.7942
24.09.2016;;63.8642
25.09.2016;;
26.09.2016;1997.94;63.8642
27.09.2016;1975.52;64.1506
28.09.2016;1980.68;63.6921
29.09.2016;1996.12;63.9509
30.09.2016;1978;63.1581
01.10.2016;;63.396
02.10.2016;;
03.10.2016;1986.8;63.396
04.10.2016;1985.02;62.5477
05.10.2016;1975.85;62.4323
06.10.2016;1983.88;62.4583
07.10.2016;1980.02;62.39
08.10.2016;;62.3031
09.10.2016;;
10.10.2016;2001.1;62.3031
11.10.2016;2001.42;62.3884
12.10.2016;1993.35;62.1946
13.10.2016;1976.37;62.5892
14.10.2016;1966.39;63.3465
15.10.2016;;62.9934
16.10.2016;;
17.10.2016;1956.95;62.9934
18.10.2016;1969.11;63.151
19.10.2016;1967.5;62.89
20.10.2016;1957.09;62.5841
21.10.2016;1957.7;62.4194
22.10.2016;;62.4499
23.10.2016;;
24.10.2016;1962.79;62.4499
25.10.2016;1977.19;62.2349
26.10.2016;1974.81;62.048
27.10.2016;1979.8;62.2597
28.10.2016;1981.76;63.0399
29.10.2016;;62.9037
30.10.2016;;
31.10.2016;1989.64;62.9037
01.11.2016;1996.87;63.2174
02.11.2016;1968.77;63.2025
03.11.2016;1962.71;63.4166
04.11.2016;;63.5043
05.11.2016;;
06.11.2016;;
07.11.2016;1952.69;
08.11.2016;1967.93;63.9074
09.11.2016;2011.58;63.7364
10.11.2016;2044.03;63.8928
11.11.2016;2031.92;63.4161
12.11.2016;;65.2167
13.11.2016;;
14.11.2016;2021.99;65.2167
15.11.2016;2017.06;65.8591
16.11.2016;2028.92;65.5548
17.11.2016;2042.76;64.5463
18.11.2016;2038.29;64.9154
19.11.2016;;65.1023
20.11.2016;;
21.11.2016;2058.77;65.1023
22.11.2016;2066.18;64.358
23.11.2016;2085.75;63.6282
24.11.2016;2102.97;64.0087
25.11.2016;2098.15;64.6279
26.11.2016;;64.6174
27.11.2016;;
28.11.2016;2094.65;64.6174
29.11.2016;2086.84;64.9153
30.11.2016;2104.91;64.9449
01.12.2016;2121.87;65.2382
02.12.2016;2128.99;63.6807
03.12.2016;;64.1528
04.12.2016;;
05.12.2016;2158.33;64.1528
06.12.2016;2152.35;63.9242
07.12.2016;2160.51;63.8741
08.12.2016;2207.02;63.9114
09.12.2016;2208.53;63.3901
10.12.2016;;63.3028
11.12.2016;;
12.12.2016;2226.89;63.3028
13.12.2016;2247.02;61.5804
14.12.2016;2229.05;61.069
15.12.2016;2237.23;60.8079
16.12.2016;2231.41;61.6368
17.12.2016;;61.7515
18.12.2016;;
19.12.2016;2215.69;61.7515
20.12.2016;2226.36;61.7931
21.12.2016;2212.33;61.7967
22.12.2016;2174.64;61.1092
23.12.2016;2173.18;60.8641
24.12.2016;;60.8528
25.12.2016;;
26.12.2016;2177.86;60.8528
27.12.2016;2189.43;60.9084
28.12.2016;2182.98;60.8587
29.12.2016;2206.33;60.6669
30.12.2016;2232.72;60.273
31.12.2016;;60.6569
01.01.2017;;
02.01.2017;;60.6569
03.01.2017;2285.43;
04.01.2017;2263.9;
05.01.2017;2220.35;
06.01.2017;2213.93;
07.01.2017;;
08.01.2017;;
09.01.2017;2211.25;
10.01.2017;2237.49;59.8961
11.01.2017;2218.61;59.9533
12.01.2017;2212;60.1614
13.01.2017;2195.19;59.4978
14.01.2017;;59.37
15.01.2017;;
16.01.2017;2189.07;59.37
17.01.2017;2178.73;59.6067
18.01.2017;2170.09;59.4015
19.01.2017;2162.25;59.183
20.01.2017;2159.96;59.3521
21.01.2017;;59.6697
22.01.2017;;
23.01.2017;2146.09;59.6697
24.01.2017;2174.59;59.5034
25.01.2017;2176;59.2168
26.01.2017;2229.2;59.1489
27.01.2017;2266.05;59.6356
28.01.2017;;60.3196
29.01.2017;;
30.01.2017;2234.14;60.3196
31.01.2017;2217.39;60.1618
01.02.2017;2231.68;60.0851
02.02.2017;2217.56;60.3099
03.02.2017;2226.61;59.9858
04.02.2017;;59.3137
05.02.2017;;
06.02.2017;2210.51;59.3137
07.02.2017;2218.77;58.7121
08.02.2017;2189.61;59.1933
09.02.2017;2173.98;59.5129
10.02.2017;2162.19;59.0235
11.02.2017;;58.8457
12.02.2017;;
13.02.2017;2161.49;58.8457
14.02.2017;2141.5;58.0619
15.02.2017;2137.08;57.7388
16.02.2017;2148.48;56.7719
17.02.2017;2128.21;57.1507
18.02.2017;;57.6342
19.02.2017;;
20.02.2017;2119.09;57.6342
21.02.2017;2127.72;58.0967
22.02.2017;2106.3;57.859
23.02.2017;;57.4762
24.02.2017;2093.09;
25.02.2017;;
26.02.2017;;
27.02.2017;2056.46;
28.02.2017;2035.77;57.9371
01.03.2017;2059.87;57.9627
02.03.2017;2049;58.3776
03.03.2017;2056.89;58.4067
04.03.2017;;58.9099
05.03.2017;;
06.03.2017;2047.42;58.9099
07.03.2017;2024.84;58.337
08.03.2017;;58.263
09.03.2017;1974.24;
10.03.2017;1973.96;58.8318
11.03.2017;;59.2174
12.03.2017;;
13.03.2017;2000.14;59.2174
14.03.2017;2001.25;59.1327
15.03.2017;1992.59;58.954
16.03.2017;2014.37;59.1128
17.03.2017;2036.96;58.2437
18.03.2017;;57.9344
19.03.2017;;
20.03.2017;2042.72;57.9344
21.03.2017;2048.07;57.2847
22.03.2017;2061.53;57.2323
23.03.2017;2051.04;57.636
24.03.2017;2039.77;57.5228
25.03.2017;;57.4247
26.03.2017;;
27.03.2017;2013.16;57.4247
28.03.2017;2032.54;57.0233
29.03.2017;2023.71;56.9364
30.03.2017;2021.88;57.0241
31.03.2017;1995.9;56.3779
01.04.2017;;55.9606
02.04.2017;;
03.04.2017;2008.61;55.9606
04.04.2017;2025.69;56.1396
05.04.2017;2056.32;56.5553
06.04.2017;2054.69;55.894
07.04.2017;2020.23;56.4369
08.04.2017;;56.9201
09.04.2017;;
10.04.2017;1971.23;56.9201
11.04.2017;1977.95;57.3896
12.04.2017;1947.88;56.9552
13.04.2017;1944.7;56.7556
14.04.2017;1916.29;56.6019
15.04.2017;;56.2945
16.04.2017;;
17.04.2017;1942.72;56.2945
18.04.2017;1920.29;56.2505
19.04.2017;1916.5;55.9793
20.04.2017;1932.17;56.1753
21.04.2017;1944.72;56.4165
22.04.2017;;56.2307
23.04.2017;;
24.04.2017;1979.57;56.2307
25.04.2017;1998.41;56.0794
26.04.2017;2026.92;55.8453
27.04.2017;2011.67;56.3131
28.04.2017;2016.71;56.9707
29.04.2017;;56.9838
30.04.2017;;
01.05.2017;;56.9838
02.05.2017;2026.85;
03.05.2017;1993.66;56.9518
04.05.2017;1998.87;57.0927
05.05.2017;2002.41;57.5714
06.05.2017;;58.5382
07.05.2017;;
08.05.2017;;58.5382
09.05.2017;;
10.05.2017;2028.21;
11.05.2017;2002.54;58.0824
12.05.2017;1994.58;57.1161
13.05.2017;;57.164
14.05.2017;;
15.05.2017;2003.12;57.164
16.05.2017;1992.94;56.5258
17.05.2017;1994.35;56.2603
18.05.2017;1967.66;56.7383
19.05.2017;1962.4;57.4683
20.05.2017;;57.1602
21.05.2017;;
22.05.2017;1950.51;57.1602
23.05.2017;1960.16;56.4988
24.05.2017;1951.98;56.5552
25.05.2017;1947.26;56.2743
26.05.2017;1934.25;56.0701
27.05.2017;;56.756
28.05.2017;;
29.05.2017;1940.77;56.756
30.05.2017;1932.91;56.7106
31.05.2017;1900.38;56.5168
01.06.2017;1869.66;56.6876
02.06.2017;1881.87;56.5373
03.06.2017;;56.6876
04.06.2017;;
05.06.2017;1877.69;56.6876
06.06.2017;1870.04;56.6152
07.06.2017;1868.42;56.6747
08.06.2017;1874.21;56.5878
09.06.2017;1883.34;56.9857
10.06.2017;;57.002
11.06.2017;;
12.06.2017;;57.002
13.06.2017;1861.27;
14.06.2017;1838.32;56.9096
15.06.2017;1817.82;57.0303
16.06.2017;1822.91;57.4437
17.06.2017;;57.7408
18.06.2017;;
19.06.2017;1849.78;57.7408
20.06.2017;1857.96;57.9585
21.06.2017;1850.81;58.5786
22.06.2017;1860.05;60
23.06.2017;1867.46;60.1482
24.06.2017;;59.6564
25.06.2017;;
26.06.2017;1860.39;59.6564
27.06.2017;1878.94;59.0014
28.06.2017;1891.98;58.8843
29.06.2017;1881.04;59.5415
30.06.2017;1879.5;59.0855
01.07.2017;;59.3862
02.07.2017;;
03.07.2017;1902.59;59.3862
04.07.2017;1917.4;58.9695
05.07.2017;1921.38;59.2295
06.07.2017;1923.22;59.5787
07.07.2017;1912.48;60.2426
08.07.2017;;60.3792
09.07.2017;;
10.07.2017;1925.74;60.3792
11.07.2017;1937.64;60.3014
12.07.2017;1954.39;60.7397
13.07.2017;1959.91;60.6227
14.07.2017;1960.69;60.1836
15.07.2017;;59.8806
16.07.2017;;
17.07.2017;1959.11;59.8806
18.07.2017;1947.71;59.0657
19.07.2017;1951.89;59.3705
20.07.2017;1946.51;59.2418
21.07.2017;1925.13;59.0823
22.07.2017;;58.9325
23.07.2017;;
24.07.2017;1931.75;58.9325
25.07.2017;1923.73;59.6572
26.07.2017;1933.1;59.8185
27.07.2017;1945.12;59.9102
28.07.2017;1916.75;59.4102
29.07.2017;;59.5436
30.07.2017;;
31.07.2017;1919.53;59.5436
01.08.2017;1940.14;60.0633
02.08.2017;1965.48;59.8454
03.08.2017;1965.29;60.5819
04.08.2017;1953.49;60.7503
05.08.2017;;60.3281
06.08.2017;;
07.08.2017;1970.37;60.3281
08.08.2017;1989.61;60.0605
09.08.2017;1975.91;59.9886
10.08.2017;1960.23;59.9611
11.08.2017;1944.83;59.9298
12.08.2017;;60.1873
13.08.2017;;
14.08.2017;1951.75;60.1873
15.08.2017;1950.28;59.799
16.08.2017;1942.88;59.9266
17.08.2017;1941.52;59.6521
18.08.2017;1930.71;59.249
19.08.2017;;59.3612
20.08.2017;;
21.08.2017;1937.66;59.3612
22.08.2017;1947.4;59.1409
23.08.2017;1958.52;59.0396
24.08.2017;1973.5;59.1312
25.08.2017;1979.14;59.1397
26.08.2017;;59.1476
27.08.2017;;
28.08.2017;1987.15;59.1476
29.08.2017;1989.12;58.5469
30.08.2017;2008.88;58.532
31.08.2017;2022.22;58.7306
01.09.2017;2010.98;58.5454
02.09.2017;;58.0557
03.09.2017;;
04.09.2017;2003.32;58.0557
05.09.2017;2004.02;57.7817
06.09.2017;2014.6;57.8503
07.09.2017;2010.17;57.3387
08.09.2017;2032.75;57.1411
09.09.2017;;56.9966
10.09.2017;;
11.09.2017;2044.13;56.9966
12.09.2017;2058.8;57.1694
13.09.2017;2054.19;57.2656
14.09.2017;2052.25;57.6679
15.09.2017;2053.81;57.7706
16.09.2017;;57.5336
17.09.2017;;
18.09.2017;2059.08;57.5336
19.09.2017;2048.99;57.6242
20.09.2017;2057.53;58.0993
21.09.2017;2060.24;58.129
22.09.2017;2051.63;58.2242
23.09.2017;;57.6527
24.09.2017;;
25.09.2017;2069.11;57.6527
26.09.2017;2071.13;57.566
27.09.2017;2081.12;57.5186
28.09.2017;2071.64;58.0102
29.09.2017;2077.19;58.4255
30.09.2017;;58.0169
01.10.2017;;
02.10.2017;2075.72;58.0169
03.10.2017;2076.81;57.8134
04.10.2017;2077.09;57.9375
05.10.2017;2088.32;57.7832
06.10.2017;2093.86;57.5811
07.10.2017;;57.7612
08.10.2017;;
09.10.2017;2096.29;57.7612
10.10.2017;2086.91;58.3151
11.10.2017;2101.07;58.0713
12.10.2017;2094.96;57.921
13.10.2017;2098.77;57.6869
14.10.2017;;57.6196
15.10.2017;;
16.10.2017;2106.39;57.6196
17.10.2017;2092.57;57.0861
18.10.2017;2094.4;57.3392
19.10.2017;2072.73;57.2721
20.10.2017;2071.83;57.5706
21.10.2017;;57.5118
22.10.2017;;
23.10.2017;2063.81;57.5118
24.10.2017;2061.79;57.4706
25.10.2017;2049.48;57.5852
26.10.2017;2046.69;57.614
27.10.2017;2068.76;57.7643
28.10.2017;;58.0833
29.10.2017;;
30.10.2017;2065.25;58.0833
31.10.2017;2064.31;57.8716
01.11.2017;2082.73;58.1179
02.11.2017;2073.04;58.1557
03.11.2017;2081.15;58.0869
04.11.2017;;58.4296
05.11.2017;;
06.11.2017;;58.4296
07.11.2017;2155.55;
08.11.2017;2163.01;58.4557
09.11.2017;2183.61;59.248
10.11.2017;2169.26;59.2527
11.11.2017;;59.2808
12.11.2017;;
13.11.2017;2167.63;59.2808
14.11.2017;2166.83;59.1823
15.11.2017;2131.75;59.6207
16.11.2017;2132.65;60.249
17.11.2017;2131.91;59.9898
18.11.2017;;59.6325
19.11.2017;;
20.11.2017;2130.39;59.6325
21.11.2017;2155.82;59.2746
22.11.2017;2160.16;59.4604
23.11.2017;2148.56;59.0061
24.11.2017;2161.17;58.4622
25.11.2017;;58.5318
26.11.2017;;
27.11.2017;2142.47;58.5318
28.11.2017;2143.93;58.2773
29.11.2017;2124.08;58.4125
30.11.2017;2100.62;58.3311
01.12.2017;2105.99;58.5814
02.12.2017;;58.5182
03.12.2017;;
04.12.2017;2119.42;58.5182
05.12.2017;2113.69;58.9911
06.12.2017;2124.12;58.6924
07.12.2017;2103.15;58.9281
08.12.2017;2104.99;59.2948
09.12.2017;;59.2811
10.12.2017;;
11.12.2017;2148.6;59.2811
12.12.2017;2160.75;59.2348
13.12.2017;2131.94;58.837
14.12.2017;2152.41;59.1446
15.12.2017;2143.99;58.7082
16.12.2017;;58.8987
17.12.2017;;
18.12.2017;2134.58;58.8987
19.12.2017;2118.16;58.694
20.12.2017;2102.97;58.6117
21.12.2017;2093.38;58.717
22.12.2017;2102.94;58.5596
23.12.2017;;58.3152
24.12.2017;;
25.12.2017;2105.06;58.3152
26.12.2017;2097.03;58.1989
27.12.2017;2106.17;57.7343
28.12.2017;2102.89;57.4544
29.12.2017;2109.74;57.6291
30.12.2017;;57.6002
31.12.2017;;
01.01.2018;;57.6002
02.01.2018;;
03.01.2018;2152.97;
04.01.2018;2197.6;
05.01.2018;2207.41;
06.01.2018;;
07.01.2018;;
08.01.2018;;
09.01.2018;2225.39;
10.01.2018;2232.27;57.0463
11.01.2018;2246.45;56.8734
12.01.2018;2262.38;56.9957
13.01.2018;;56.6019
14.01.2018;;
15.01.2018;2261.53;56.6019
16.01.2018;2257.89;56.3569
17.01.2018;2277.89;56.3878
18.01.2018;2297.47;56.5925
19.01.2018;2286.33;56.7597
20.01.2018;;56.5892
21.01.2018;;
22.01.2018;2308.61;56.5892
23.01.2018;2298.95;56.6261
24.01.2018;2306.99;56.4115
25.01.2018;2320.03;56.3888
26.01.2018;2295.26;55.9288
27.01.2018;;55.8288
28.01.2018;;
29.01.2018;2284.27;55.8288
30.01.2018;2280.36;56.2908
31.01.2018;2289.99;56.2914
01.02.2018;2302.57;56.184
02.02.2018;2281.84;56.2613
03.02.2018;;56.0408
04.02.2018;;
05.02.2018;2276.85;56.0408
06.02.2018;2238.24;56.6278
07.02.2018;2254.64;57.2196
08.02.2018;2227.24;56.9533
09.02.2018;2197.12;57.6736
10.02.2018;;58.1718
11.02.2018;;
12.02.2018;2220.12;58.1718
13.02.2018;2250.63;58.0171
14.02.2018;2257.95;57.7701
15.02.2018;2265.45;57.5899
16.02.2018;2255.27;56.5918
17.02.2018;;56.3554
18.02.2018;;
19.02.2018;2254.92;56.3554
20.02.2018;2270.12;56.3438
21.02.2018;2320.32;56.5201
22.02.2018;2336.82;56.6537
23.02.2018;;56.7608
24.02.2018;;
25.02.2018;;
26.02.2018;2353.16;
27.02.2018;2341.89;55.9208
28.02.2018;2296.8;55.6717
01.03.2018;2297.9;56.3742
02.03.2018;2288.84;56.4334
03.03.2018;;56.6616
04.03.2018;;
05.03.2018;2309.53;56.6616
06.03.2018;2303.32;57.1
07.03.2018;2291.23;56.5041
08.03.2018;;56.8011
09.03.2018;;
10.03.2018;;
11.03.2018;;
12.03.2018;2318.01;
13.03.2018;2319.38;56.6122
14.03.2018;2275.24;56.9359
15.03.2018;2272.49;56.9372
16.03.2018;2294.6;57.0188
17.03.2018;;57.4942
18.03.2018;;
19.03.2018;2281.72;57.4942
20.03.2018;2291.18;57.5521
21.03.2018;2309.36;57.7033
22.03.2018;2285.76;57.4954
23.03.2018;2285.53;56.8391
24.03.2018;;57.1072
25.03.2018;;
26.03.2018;2240.85;57.1072
27.03.2018;2262.5;57.0039
28.03.2018;2249.23;57.1747
29.03.2018;2274.62;57.5598
30.03.2018;2270.98;57.7626
31.03.2018;;57.2649
01.04.2018;;
02.04.2018;2256.64;57.2649
03.04.2018;2263.85;57.285
04.04.2018;2265.6;57.5375
05.04.2018;2296.25;57.7646
06.04.2018;2281.23;57.5796
07.04.2018;;57.8332
08.04.2018;;
09.04.2018;2090.88;57.8332
10.04.2018;2173.76;58.5714
11.04.2018;2192.15;62.3699
12.04.2018;2210.05;64.0626
13.04.2018;2175.16;62.0659
14.04.2018;;61.4311
15.04.2018;;
16.04.2018;2143.67;61.4311
17.04.2018;2191.19;62.2794
18.04.2018;2241.49;61.1454
19.04.2018;2230.55;61.5539
20.04.2018;2232.66;60.8583
21.04.2018;;61.3222
22.04.2018;;
23.04.2018;2250.99;61.3222
24.04.2018;2253.77;61.7655
25.04.2018;2253.5;61.6644
26.04.2018;2286.02;61.7494
27.04.2018;2301.49;62.6027
28.04.2018;2297.3;62.726
29.04.2018;;61.9997
30.04.2018;2307.02;
01.05.2018;;
02.05.2018;2306.42;
03.05.2018;2274.07;
04.05.2018;2289.47;63.486
05.05.2018;;63.2012
06.05.2018;;
07.05.2018;2297.12;63.2012
08.05.2018;2301.99;62.7148
09.05.2018;;63.0066
10.05.2018;2312.92;
11.05.2018;2345.26;62.5229
12.05.2018;;61.7354
13.05.2018;;
14.05.2018;2357.62;61.7354
15.05.2018;2337.03;61.7684
16.05.2018;2338.39;61.9164
17.05.2018;2323.51;62.3033
18.05.2018;2326.94;61.8215
19.05.2018;;61.9408
20.05.2018;;
21.05.2018;2332.63;61.9408
22.05.2018;2326.87;62.5327
23.05.2018;2295.57;61.261
24.05.2018;2294.01;61.5945
25.05.2018;2306.57;61.409
26.05.2018;;61.6659
27.05.2018;;
28.05.2018;2311.28;61.6659
29.05.2018;2298;62.271
30.05.2018;2297.6;62.642
31.05.2018;2302.88;62.5937
01.06.2018;2295.34;62.0188
02.06.2018;;62.2056
03.06.2018;;
04.06.2018;2323.64;62.2056
05.06.2018;2318.23;61.929
06.06.2018;2315.45;61.9822
07.06.2018;2316.07;62.0064
08.06.2018;2267.92;61.8125
09.06.2018;2281.51;62.668
10.06.2018;;62.3431
11.06.2018;;
12.06.2018;;
13.06.2018;2270.73;
14.06.2018;2253.48;63.1164
15.06.2018;2237.53;62.2511
16.06.2018;;62.6851
17.06.2018;;
18.06.2018;2222.56;62.6851
19.06.2018;2221.42;63.4838
20.06.2018;2256.27;64.0683
21.06.2018;2245.94;63.6175
22.06.2018;2249.68;63.7873
23.06.2018;;63.2396
24.06.2018;;
25.06.2018;2236.65;63.2396
26.06.2018;2231.03;62.9497
27.06.2018;2253.6;62.7908
28.06.2018;2250.26;63.1359
29.06.2018;2295.95;63.291
30.06.2018;;62.7565
01.07.2018;;
02.07.2018;2319.31;62.7565
03.07.2018;2301.65;63.1394
04.07.2018;2304.06;63.2194
05.07.2018;2346.86;63.2267
06.07.2018;2345.38;63.2604
07.07.2018;;63.1216
08.07.2018;;
09.07.2018;2373.17;63.1216
10.07.2018;2365.17;62.8338
11.07.2018;2336.15;62.4442
12.07.2018;2322.06;62.098
13.07.2018;2346.43;62.2062
14.07.2018;;62.2934
15.07.2018;;
16.07.2018;2334.18;62.2934
17.07.2018;2310.92;62.2556
18.07.2018;2294.78;62.4352
19.07.2018;2269.45;62.9006
20.07.2018;2247.82;63.2746
21.07.2018;;63.4888
22.07.2018;;
23.07.2018;2261.25;63.4888
24.07.2018;2278.3;63.1957
25.07.2018;2282.84;62.9235
26.07.2018;2293.07;63.0836
27.07.2018;2292.72;62.9471
28.07.2018;;62.9726
29.07.2018;;
30.07.2018;2295.72;62.9726
31.07.2018;2321.11;62.7805
01.08.2018;2315.18;62.3497
02.08.2018;2295.15;62.559
03.08.2018;2297.99;63.1358
04.08.2018;;63.4549
05.08.2018;;
06.08.2018;2299.88;63.4549
07.08.2018;2312.19;63.4975
08.08.2018;2293.01;63.5425
09.08.2018;2309.58;63.595
10.08.2018;2275.05;66.2856
11.08.2018;;66.9075
12.08.2018;;
13.08.2018;2285.61;66.9075
14.08.2018;2282.88;68.2234
15.08.2018;2267.13;66.7535
16.08.2018;2261.09;66.3772
17.08.2018;2255.12;66.8932
18.08.2018;;66.8757
19.08.2018;;
20.08.2018;2272.49;66.8757
21.08.2018;2291.76;67.1807
22.08.2018;2297.06;67.1783
23.08.2018;2260.04;67.6163
24.08.2018;2279.76;68.5259
25.08.2018;;67.7911
26.08.2018;;
27.08.2018;2312.93;67.7911
28.08.2018;2316.28;67.3963
29.08.2018;2348.44;67.3911
30.08.2018;2330.92;68.1451
31.08.2018;2345.85;68.0821
01.09.2018;;68.0447
02.09.2018;;
03.09.2018;2346.08;68.0447
04.09.2018;2336.38;67.7443
05.09.2018;2321.33;68.2737
06.09.2018;2320.65;68.4628
07.09.2018;2321.82;68.2505
08.09.2018;;69.0286
09.09.2018;;
10.09.2018;2335.85;69.0286
11.09.2018;2335.19;69.8685
12.09.2018;2340.63;69.9744
13.09.2018;2357.32;69.5728
14.09.2018;2360.26;68.637
15.09.2018;;68.2826
16.09.2018;;
17.09.2018;2373.75;68.2826
18.09.2018;2402.58;68.1958
19.09.2018;2404.42;67.7519
20.09.2018;2400.89;67.0098
21.09.2018;2426.8;66.4725
22.09.2018;;66.2497
23.09.2018;;
24.09.2018;2430.01;66.2497
25.09.2018;2444.22;66.1594
26.09.2018;2427.29;65.8244
27.09.2018;2474.57;65.7585
28.09.2018;2475.36;65.8355
29.09.2018;;65.5906
30.09.2018;;
01.10.2018;2472.22;65.5906
02.10.2018;2449.7;65.5745
03.10.2018;2493.91;65.2221
04.10.2018;2465.03;65.4244
05.10.2018;2450.9;66.2115
06.10.2018;;66.627
07.10.2018;;
08.10.2018;2454.28;66.627
09.10.2018;2443.83;66.9685
10.10.2018;2417.69;66.4032
11.10.2018;2366.47;66.1832
12.10.2018;2403.02;66.7727
13.10.2018;;65.9751
14.10.2018;;
15.10.2018;2389.05;65.9751
16.10.2018;2417.26;65.7508
17.10.2018;2411.42;65.5305
18.10.2018;2378.62;65.4026
19.10.2018;2344.79;65.7238
20.10.2018;;65.814
21.10.2018;;
22.10.2018;2308.56;65.814
23.10.2018;2305.58;65.3065
24.10.2018;2336.49;65.3101
25.10.2018;2331.59;65.6299
26.10.2018;2293.22;65.7476
27.10.2018;;65.6345
28.10.2018;;
29.10.2018;2317.06;65.6345
30.10.2018;2299.98;65.8129
31.10.2018;2352.71;65.7742
01.11.2018;2359.33;65.5962
02.11.2018;2377.95;65.6517
03.11.2018;;65.5799
04.11.2018;;
05.11.2018;;65.5799
06.11.2018;2412.31;
07.11.2018;2445.34;65.9912
08.11.2018;2438.62;66.0918
09.11.2018;2403.47;66.2155
10.11.2018;;66.8497
11.11.2018;;
12.11.2018;2393.81;66.8497
13.11.2018;2374.94;67.5238
14.11.2018;2378.59;67.6812
15.11.2018;2381.45;67.9975
16.11.2018;2372.67;66.6159
17.11.2018;;65.9931
18.11.2018;;
19.11.2018;2373.78;65.9931
20.11.2018;2341.6;66.0081
21.11.2018;2357.97;65.5871
22.11.2018;2369.53;65.9485
23.11.2018;2342.97;65.6067
24.11.2018;;65.6664
25.11.2018;;
26.11.2018;2308.5;65.6664
27.11.2018;2338.71;66.5072
28.11.2018;2381.12;66.78
29.11.2018;2398.56;66.9436
30.11.2018;2392.5;66.6342
01.12.2018;;66.5335
02.12.2018;;
03.12.2018;2441.19;66.5335
04.12.2018;2443.38;66.2921
05.12.2018;2445.55;66.4467
06.12.2018;2412.31;66.8242
07.12.2018;2431.29;66.7377
08.12.2018;;66.9227
09.12.2018;;
10.12.2018;2396.84;66.9227
11.12.2018;2394.26;66.2416
12.12.2018;2370.35;66.5022
13.12.2018;2378.5;66.4225
14.12.2018;2365.69;66.255
15.12.2018;;66.4337
16.12.2018;;
17.12.2018;2359.13;66.4337
18.12.2018;2350.29;66.6208
19.12.2018;2358.58;66.7454
20.12.2018;2352.88;67.1121
21.12.2018;2347.17;67.371
22.12.2018;;68.0085
23.12.2018;;
24.12.2018;2322.27;68.0085
25.12.2018;2290.86;68.4073
26.12.2018;2308.85;68.7448
27.12.2018;2327.81;68.8865
28.12.2018;2358.5;68.8762
29.12.2018;2369.33;69.5218
30.12.2018;;69.4706
31.12.2018;;
01.01.2019;;
02.01.2019;;
03.01.2019;2375.6;
04.01.2019;2406.5;
05.01.2019;;
06.01.2019;;
07.01.2019;;
08.01.2019;2389.69;
09.01.2019;2414.13;
10.01.2019;2434.15;67.0795
11.01.2019;2444.45;66.8605
12.01.2019;;66.9167
13.01.2019;;
14.01.2019;2440.15;66.9167
15.01.2019;2439.55;67.192
16.01.2019;2434.6;67.082
17.01.2019;2447.64;66.7617
18.01.2019;2473.61;66.4438
19.01.2019;;66.3309
20.01.2019;;
21.01.2019;2468.25;66.3309
22.01.2019;2468.73;66.3634
23.01.2019;2491.49;66.5499
24.01.2019;2482.71;66.3318
25.01.2019;2498.23;66.0016
26.01.2019;;65.917
27.01.2019;;
28.01.2019;2476.81;65.917
29.01.2019;2498.35;65.93
30.01.2019;2511.86;66.3412
31.01.2019;2521.1;66.0987
01.02.2019;2521.7;65.3577
02.02.2019;;65.6601
03.02.2019;;
04.02.2019;2523.52;65.6601
05.02.2019;2547.27;65.5859
06.02.2019;2539.73;65.5691
07.02.2019;2509.89;65.6686
08.02.2019;2502.82;66.0199
09.02.2019;;66.0628
10.02.2019;;
11.02.2019;2510.22;66.0628
12.02.2019;2533.32;65.6517
13.02.2019;2485.76;65.7147
14.02.2019;2460.82;65.6783
15.02.2019;2490.16;66.5429
16.02.2019;;66.7044
17.02.2019;;
18.02.2019;2472.41;66.7044
19.02.2019;2458.55;66.247
20.02.2019;2487.82;66.2022
21.02.2019;2470.23;65.8568
22.02.2019;2488.63;65.5401
23.02.2019;;65.5149
24.02.2019;;
25.02.2019;2494.63;65.5149
26.02.2019;2494.02;65.2582
27.02.2019;2490.65;65.6182
28.02.2019;2485.27;65.757
01.03.2019;2478.01;65.8895
02.03.2019;;65.8145
03.03.2019;;
04.03.2019;2473.79;65.8145
05.03.2019;2466.23;65.7956
06.03.2019;2494.04;65.8004
07.03.2019;2476.64;65.843
08.03.2019;;65.9646
09.03.2019;;
10.03.2019;;
11.03.2019;2465.94;
12.03.2019;2468.25;66.0763
13.03.2019;2470.61;65.7674
14.03.2019;2457.79;65.589
15.03.2019;2476.73;65.4021
16.03.2019;;65.4201
17.03.2019;;
18.03.2019;2483.7;65.4201
19.03.2019;2493.28;64.6694
20.03.2019;2504.23;64.3167
21.03.2019;2507.81;64.2803
22.03.2019;2492.7;63.742
23.03.2019;;63.7705
24.03.2019;;
25.03.2019;2497.59;63.7705
26.03.2019;2512.63;64.4993
27.03.2019;2487.48;64.1683
28.03.2019;2492.4;64.5925
29.03.2019;2497.1;64.8012
30.03.2019;;64.7347
31.03.2019;;
01.04.2019;2521.25;64.7347
02.04.2019;2527.77;65.4176
03.04.2019;2532.32;65.4726
04.04.2019;2535.5;65.1639
05.04.2019;2540.99;65.3281
06.04.2019;;65.4072
07.04.2019;;
08.04.2019;2560.07;65.4072
09.04.2019;2570.28;65.3498
10.04.2019;2578.58;64.7766
11.04.2019;2551.45;64.7373
12.04.2019;2559.72;64.3991
13.04.2019;;64.5171
14.04.2019;;
15.04.2019;2545.12;64.5171
16.04.2019;2559.84;64.2469
17.04.2019;2568.26;64.2422
18.04.2019;2560.8;63.945
19.04.2019;2563.9;64.0688
20.04.2019;;63.9602
21.04.2019;;
22.04.2019;2584.74;63.9602
23.04.2019;2587.48;63.786
24.04.2019;2579.05;63.7906
25.04.2019;2560.94;63.9798
26.04.2019;2563.72;64.6794
27.04.2019;;64.7053
28.04.2019;;
29.04.2019;2569.83;64.7053
30.04.2019;2559.32;64.6917
01.05.2019;;64.6314
02.05.2019;2575.22;
03.05.2019;2580.95;
04.05.2019;;
05.05.2019;;
06.05.2019;2579.75;
07.05.2019;2565.1;65.335
08.05.2019;2544.43;65.2166
09.05.2019;;65.2287
10.05.2019;2514.87;
11.05.2019;;
12.05.2019;;
13.05.2019;2508.87;
14.05.2019;2562.33;65.4703
15.05.2019;2554.49;65.3001
16.05.2019;2581.11;64.8489
17.05.2019;2577.48;64.5598
18.05.2019;;64.6327
19.05.2019;;
20.05.2019;2571.65;64.6327
21.05.2019;2616.53;64.4888
22.05.2019;2638.71;64.5372
23.05.2019;2618.61;64.4156
24.05.2019;2619.24;64.4913
25.05.2019;;64.6106
26.05.2019;;
27.05.2019;2632.95;64.6106
28.05.2019;2609.78;64.4636
29.05.2019;2641.15;64.5394
30.05.2019;2659.52;64.9084
31.05.2019;2665.33;65.0583
01.06.2019;;65.3834
02.06.2019;;
03.06.2019;2729.93;65.3834
04.06.2019;2706.29;65.5547
05.06.2019;2701.84;65.1614
06.06.2019;2728.25;65.1243
07.06.2019;2729.61;65.234
08.06.2019;;65.0395
09.06.2019;;
10.06.2019;2742.59;65.0395
11.06.2019;2751.75;64.7919
12.06.2019;;64.5158
13.06.2019;2758.36;
14.06.2019;2739.28;64.6314
15.06.2019;;64.4326
16.06.2019;;
17.06.2019;2734.31;64.4326
18.06.2019;2761.69;64.3187
19.06.2019;2759.12;64.3352
20.06.2019;2780.2;63.9794
21.06.2019;2761.23;63.3877
22.06.2019;;63.1295
23.06.2019;;
24.06.2019;2762.65;63.1295
25.06.2019;2753.96;62.9095
26.06.2019;2775.14;62.5229
27.06.2019;2779.66;62.8083
28.06.2019;2765.85;63.0452
29.06.2019;;63.0756
30.06.2019;;
01.07.2019;2801.47;63.0756
02.07.2019;2809.81;63.0541
03.07.2019;2823.95;63.2265
04.07.2019;2842.78;63.4951
05.07.2019;2835.35;63.4013
06.07.2019;;63.5841
07.07.2019;;
08.07.2019;2822.55;63.5841
09.07.2019;2822.66;63.8699
10.07.2019;2822.75;63.766
11.07.2019;2789.66;63.7988
12.07.2019;2777.58;62.9944
13.07.2019;;63.0204
14.07.2019;;
15.07.2019;2756.44;63.0204
16.07.2019;2755.88;62.828
17.07.2019;2713.17;62.8129
18.07.2019;2702.59;62.9451
19.07.2019;2700.57;62.8286
20.07.2019;;62.8666
21.07.2019;;
22.07.2019;2684.25;62.8666
23.07.2019;2701.06;62.9776
24.07.2019;2682.91;63.129
25.07.2019;2701.02;63.1162
26.07.2019;2715.68;63.1572
27.07.2019;;63.1271
28.07.2019;;
29.07.2019;2728.27;63.1271
30.07.2019;2734.68;63.521
31.07.2019;2739.5;63.3791
01.08.2019;2729.42;63.4172
02.08.2019;2674.9;63.834
03.08.2019;;64.6423
04.08.2019;;
05.08.2019;2649.16;64.6423
06.08.2019;2683.35;65.0546
07.08.2019;2674.98;65.203
08.08.2019;2696.69;65.0932
09.08.2019;2679.71;65.1299
10.08.2019;;65.2543
11.08.2019;;
12.08.2019;2689.93;65.2543
13.08.2019;2680.12;65.4287
14.08.2019;2637.04;65.6017
15.08.2019;2625.58;65.2032
16.08.2019;2615.2;65.8907
17.08.2019;;65.9961
18.08.2019;;
19.08.2019;2648.09;65.9961
20.08.2019;2672.84;66.6082
21.08.2019;2673.95;66.784
22.08.2019;2675.13;66.263
23.08.2019;2660.74;65.6196
24.08.2019;;65.6046
25.08.2019;;
26.08.2019;2658.24;65.6046
27.08.2019;2659.35;65.9735
28.08.2019;2677.31;66.2608
29.08.2019;2714.25;66.4127
30.08.2019;2740.04;66.7471
31.08.2019;;66.4897
01.09.2019;;
02.09.2019;2773.01;66.4897
03.09.2019;2774.2;66.6235
04.09.2019;2793.36;66.9072
05.09.2019;2807.06;66.5002
06.09.2019;2797.55;66.0528
07.09.2019;;65.9981
08.09.2019;;
09.09.2019;2786.63;65.9981
10.09.2019;2787.52;65.5698
11.09.2019;2817.05;65.4393
12.09.2019;2799.99;65.4321
13.09.2019;2791.74;65.1909
14.09.2019;;64.4711
15.09.2019;;
16.09.2019;2834.32;64.4711
17.09.2019;2820.86;63.8272
18.09.2019;2818.6;64.1213
19.09.2019;2794.77;64.429
20.09.2019;2796.41;64.2199
21.09.2019;;63.8487
22.09.2019;;
23.09.2019;2785.46;63.8487
24.09.2019;2754.53;63.9453
25.09.2019;2760.29;63.706
26.09.2019;2772.7;64.1873
27.09.2019;2757.98;64.2888
28.09.2019;;64.4156
29.09.2019;;
30.09.2019;2747.18;64.4156
01.10.2019;2758.83;64.6407
02.10.2019;2719.39;65.067
03.10.2019;2707.47;65.4399
04.10.2019;2692.55;65.1312
05.10.2019;;65.03
06.10.2019;;
07.10.2019;2719.22;65.03
08.10.2019;2707.89;64.8259
09.10.2019;2713.02;64.8672
10.10.2019;2721.51;65.0976
11.10.2019;2708.07;64.7416
12.10.2019;;64.2237
13.10.2019;;
14.10.2019;2697.46;64.2237
15.10.2019;2715.26;64.3652
16.10.2019;2744.35;64.2548
17.10.2019;2748.64;64.3455
18.10.2019;2752.91;64.0144
19.10.2019;;63.9542
20.10.2019;;
21.10.2019;2761.15;63.9542
22.10.2019;2802.23;63.7606
23.10.2019;2821.58;63.6336
24.10.2019;2877.05;63.7997
25.10.2019;2873.41;63.86
26.10.2019;;63.9966
27.10.2019;;
28.10.2019;2856.91;63.9966
29.10.2019;2886.48;63.87
30.10.2019;2911.15;63.832
31.10.2019;2893.98;63.8734
01.11.2019;2930.4;63.7748
02.11.2019;;64.0316
03.11.2019;;
04.11.2019;;64.0316
05.11.2019;2949.55;
06.11.2019;2980.84;63.248
07.11.2019;3008.54;63.588
08.11.2019;2973.19;63.7298
09.11.2019;;63.7295
10.11.2019;;
11.11.2019;2961.46;63.7295
12.11.2019;2951.16;63.9121
13.11.2019;2933.89;63.853
14.11.2019;2922.45;64.2009
15.11.2019;2934.82;64.2101
16.11.2019;;63.8881
17.11.2019;;
18.11.2019;2924.48;63.8881
19.11.2019;2941.69;63.7542
20.11.2019;2936.47;63.773
21.11.2019;2942.6;64.0213
22.11.2019;2947.68;63.843
23.11.2019;;63.7101
24.11.2019;;
25.11.2019;2955.32;63.7101
26.11.2019;2930.62;63.7637
27.11.2019;2929.05;64.0239
28.11.2019;2927.57;63.9722
29.11.2019;2935.37;64.1005
30.11.2019;;64.0817
01.12.2019;;
02.12.2019;2921.18;64.0817
03.12.2019;2883.48;64.4097
04.12.2019;2900.66;64.1401
05.12.2019;2899.29;64.1948
06.12.2019;2928.76;63.8135
07.12.2019;;63.7185
08.12.2019;;
09.12.2019;2945.03;63.7185
10.12.2019;2932.4;63.7244
11.12.2019;2954.4;63.5788
12.12.2019;2982.86;63.5653
13.12.2019;2996.63;63.2257
14.12.2019;;62.5544
15.12.2019;;
16.12.2019;3006.16;62.5544
17.12.2019;3013.29;62.7686
18.12.2019;3023.92;62.5326
19.12.2019;3008.39;62.5831
20.12.2019;3015.93;62.5283
21.12.2019;;62.4071
22.12.2019;;
23.12.2019;3033.81;62.4071
24.12.2019;3030.59;62.2499
25.12.2019;3030.84;62.1673
26.12.2019;3031.67;61.7164
27.12.2019;3050.47;61.7676
28.12.2019;;62.0315
29.12.2019;;
30.12.2019;3045.87;62.0315
31.12.2019;3045.87;61.9057
01.01.2020;;61.9057
02.01.2020;;
03.01.2020;3076.37;
04.01.2020;;
05.01.2020;;
06.01.2020;3078.87;
07.01.2020;;
08.01.2020;3110.06;
09.01.2020;3118.08;
10.01.2020;3123.66;61.234
11.01.2020;;61.2632
12.01.2020;;
13.01.2020;3151.69;61.2632
14.01.2020;3129.77;60.9474
15.01.2020;3132.63;61.414
16.01.2020;3157.23;61.4328
17.01.2020;3196.88;61.5694
18.01.2020;;61.5333
19.01.2020;;
20.01.2020;3219.92;61.5333
21.01.2020;3209.22;61.4654
22.01.2020;3174.62;61.8552
23.01.2020;3141.2;61.8343
24.01.2020;3146.2;61.9515
25.01.2020;;61.8031
26.01.2020;;
27.01.2020;3085.16;61.8031
28.01.2020;3113.1;62.338
29.01.2020;3128.8;62.8299
30.01.2020;3108.58;62.3934
31.01.2020;3076.65;63.0359
01.02.2020;;63.1385
02.02.2020;;
03.02.2020;3070.84;63.1385
04.02.2020;3097.6;63.9091
05.02.2020;3114.25;63.4342
06.02.2020;3096.68;63.1742
07.02.2020;3087.63;62.7977
08.02.2020;;63.472
09.02.2020;;
10.02.2020;3062.41;63.472
11.02.2020;3097.58;63.7708
12.02.2020;3122.27;63.949
13.02.2020;3110.05;63.047
14.02.2020;3096.88;63.6016
15.02.2020;;63.4536
16.02.2020;;
17.02.2020;3110.06;63.4536
18.02.2020;3074.05;63.3085
19.02.2020;3114.57;63.7698
20.02.2020;3125.1;63.6873
21.02.2020;3106.03;63.7413
22.02.2020;;64.3008
23.02.2020;;
24.02.2020;;64.3008
25.02.2020;3002.68;
26.02.2020;3017.42;64.9213
27.02.2020;2915.84;65.5177
28.02.2020;2785.08;65.6097
29.02.2020;;66.9909
01.03.2020;;
02.03.2020;2765.77;66.9909
03.03.2020;2821.37;66.3274
04.03.2020;2828.01;66.4437
05.03.2020;2816.7;66.0784
06.03.2020;2719.51;66.1854
07.03.2020;;67.5175
08.03.2020;;
09.03.2020;;67.5175
10.03.2020;2498.94;
11.03.2020;2492.88;72.0208
12.03.2020;2286.4;71.472
13.03.2020;2316.38;74.0274
14.03.2020;;73.1882
15.03.2020;;
16.03.2020;2266.9;73.1882
17.03.2020;2224.74;74.1262
18.03.2020;2112.64;73.8896
19.03.2020;2275.7;77.2131
20.03.2020;2331.61;80.157
21.03.2020;;78.0443
22.03.2020;;
23.03.2020;2253.35;78.0443
24.03.2020;2415.97;80.8815
25.03.2020;2452.69;78.8493
26.03.2020;2489.97;77.7928
27.03.2020;2401.11;78.7223
28.03.2020;;77.7325
29.03.2020;;
30.03.2020;2433.35;77.7325
31.03.2020;2508.81;
01.04.2020;2473.61;
02.04.2020;2545.95;
03.04.2020;2572.23;
04.04.2020;;
05.04.2020;;
06.04.2020;2622.59;
07.04.2020;2634.74;76.4074
08.04.2020;2670.12;75.455
09.04.2020;2701.77;75.7499
10.04.2020;2677.86;74.605
11.04.2020;;73.7515
12.04.2020;;
13.04.2020;2628.85;73.7515
14.04.2020;2631.83;73.5245
15.04.2020;2498.94;73.315
16.04.2020;2515.05;73.7145
17.04.2020;2534.97;74.7119
18.04.2020;;73.9441
19.04.2020;;
20.04.2020;2525.97;73.9441
21.04.2020;2488.02;74.6657
22.04.2020;2573.41;76.2562
23.04.2020;2599.41;77.0416
24.04.2020;2562.03;75.129
25.04.2020;;74.7163
26.04.2020;;
27.04.2020;2570.91;74.7163
28.04.2020;2612.24;74.496
29.04.2020;2663.14;74.5706
30.04.2020;2650.56;73.6894
01.05.2020;;72.7263
02.05.2020;;
03.05.2020;;
04.05.2020;2624.64;
05.05.2020;2653.51;
06.05.2020;2632.1;
07.05.2020;2634;73.9719
08.05.2020;2641.55;74.1169
09.05.2020;;73.8725
10.05.2020;;
11.05.2020;;73.8725
12.05.2020;2642.04;
13.05.2020;2604.98;73.4326
14.05.2020;2590.31;73.5819
15.05.2020;2593.91;73.9298
16.05.2020;;73.2056
17.05.2020;;
18.05.2020;2694.25;73.2056
19.05.2020;2711.72;72.9798
20.05.2020;2770.79;72.3918
21.05.2020;2718.67;72.3381
22.05.2020;2709.38;70.924
23.05.2020;;71.8804
24.05.2020;;
25.05.2020;2757.93;71.8804
26.05.2020;2754.04;71.5962
27.05.2020;2741.02;71.1408
28.05.2020;2779.98;71.0635
29.05.2020;2734.83;71.1012
30.05.2020;;70.752
31.05.2020;;
01.06.2020;2750.24;70.752
02.06.2020;2796.51;69.7114
03.06.2020;2831.08;68.9831
04.06.2020;2766.26;68.3413
05.06.2020;2792.74;69.0151
06.06.2020;;68.6319
07.06.2020;;
08.06.2020;2796.3;68.6319
09.06.2020;2795.9;68.3123
10.06.2020;2785.18;68.6745
11.06.2020;2743.8;68.6183
12.06.2020;;69.1219
13.06.2020;;
14.06.2020;;
15.06.2020;2719.06;
16.06.2020;2748.3;70.395
17.06.2020;2740.1;69.7524
18.06.2020;2724.33;69.4822
19.06.2020;2758.67;69.618
20.06.2020;;69.5725
21.06.2020;;
22.06.2020;2763.29;69.5725
23.06.2020;2791.97;69.4835
24.06.2020;;68.8376
25.06.2020;2760.75;68.8376
26.06.2020;2761.74;69.466
27.06.2020;;69.1284
28.06.2020;;
29.06.2020;2767.95;69.1284
30.06.2020;2743.2;69.9513
01.07.2020;;70.4413
02.07.2020;2788.79;70.4413
03.07.2020;2801.66;70.5198
04.07.2020;;70.4999
05.07.2020;;
06.07.2020;2835.18;70.4999
07.07.2020;2825.21;71.3409
08.07.2020;2815.83;72.1719
09.07.2020;2782.43;71.2379
10.07.2020;2800.94;70.88
11.07.2020;;71.2298
12.07.2020;;
13.07.2020;2766.79;71.2298
14.07.2020;2744.54;70.7479
15.07.2020;2747.91;71.1275
16.07.2020;2760.01;70.7998
17.07.2020;2774.79;71.231
18.07.2020;;71.7139
19.07.2020;;
20.07.2020;2802.24;71.7139
21.07.2020;2825.71;71.9628
22.07.2020;2834.65;70.9668
23.07.2020;2851.79;70.7881
24.07.2020;2863.12;70.963
25.07.2020;;71.5974
26.07.2020;;
27.07.2020;2884.88;71.5974
28.07.2020;2895.45;71.585
29.07.2020;2918.42;71.9196
30.07.2020;2882.63;72.2348
31.07.2020;2911.57;73.3633
01.08.2020;;73.4261
02.08.2020;;
03.08.2020;2929.97;73.4261
04.08.2020;2940.46;74.1586
05.08.2020;2992.78;73.3806
06.08.2020;2988.5;73.2806
07.08.2020;2972.35;73.0397
08.08.2020;;73.6376
09.08.2020;;
10.08.2020;2960.78;73.6376
11.08.2020;3005.63;73.775
12.08.2020;3053.99;73.1522
13.08.2020;3080.44;73.2351
14.08.2020;3061.99;73.6067
15.08.2020;;73.2157
16.08.2020;;
17.08.2020;3052.46;73.2157
18.08.2020;3050.7;72.9676
19.08.2020;3056.54;73.4321
20.08.2020;2993.69;73.2392
21.08.2020;2995.61;73.7711
22.08.2020;;74.0999
23.08.2020;;
24.08.2020;3029.42;74.0999
25.08.2020;3029.05;74.4184
26.08.2020;3051.97;74.5126
27.08.2020;3012.01;75.5379
28.08.2020;2980.17;75.2354
29.08.2020;;74.6382
30.08.2020;;
31.08.2020;2966.2;74.6382
01.09.2020;2975;73.8039
02.09.2020;2956.5;73.5849
03.09.2020;2931.92;73.8588
04.09.2020;2921.55;75.468
05.09.2020;;75.1823
06.09.2020;;
07.09.2020;2932.29;75.1823
08.09.2020;2888.79;75.591
09.09.2020;2876.07;75.9645
10.09.2020;2897.55;76.0713
11.09.2020;2910.51;75.5274
12.09.2020;;74.8896
13.09.2020;;
14.09.2020;2928.38;74.8896
15.09.2020;2980.58;74.7148
16.09.2020;2975.01;75.1884
17.09.2020;2971.74;74.9278
18.09.2020;2951.79;75.1941
19.09.2020;;75.0319
20.09.2020;;
21.09.2020;2863.67;75.0319
22.09.2020;2884.66;76.0381
23.09.2020;2916.39;76.2711
24.09.2020;2912.76;76.3545
25.09.2020;2896.83;77.178
26.09.2020;;76.8195
27.09.2020;;
28.09.2020;2927.17;76.8195
29.09.2020;2910.12;78.6713
30.09.2020;2905.81;79.6845
01.10.2020;2889.8;78.7847
02.10.2020;2852.42;77.2774
03.10.2020;;78.0915
04.10.2020;;
05.10.2020;2881.98;78.0915
06.10.2020;2892.99;78.1281
07.10.2020;2842.58;78.5119
08.10.2020;2846.39;78.0921
09.10.2020;2834.09;77.9157
10.10.2020;;77.0284
11.10.2020;;
12.10.2020;2846.14;77.0284
13.10.2020;2829.23;77.0239
14.10.2020;2856.08;77.2855
15.10.2020;2817.29;77.2759
16.10.2020;2799.54;77.9461
17.10.2020;;77.9644
18.10.2020;;
19.10.2020;2794.27;77.9644
20.10.2020;2803.06;77.9241
21.10.2020;2786.23;77.778
22.10.2020;2803.17;77.0322
23.10.2020;2816.7;77.0809
24.10.2020;;76.4667
25.10.2020;;
26.10.2020;2785.59;76.4667
27.10.2020;2763.03;76.4443
28.10.2020;2693.46;76.4556
29.10.2020;2709.04;77.552
30.10.2020;2690.59;78.8699
31.10.2020;;79.3323
01.11.2020;;
02.11.2020;2737.54;79.3323
03.11.2020;2786.42;80.5749
04.11.2020;;80.0006
05.11.2020;2861.39;
06.11.2020;2895.62;78.4559
07.11.2020;;77.1875
08.11.2020;;
09.11.2020;2987.75;77.1875
10.11.2020;2998.61;76.9515
11.11.2020;3015.03;76.3978
12.11.2020;3025.83;76.2075
13.11.2020;3025.22;77.1148
14.11.2020;;77.3262
15.11.2020;;
16.11.2020;3079.74;77.3262
17.11.2020;3052.22;76.9197
18.11.2020;3080.68;76.253
19.11.2020;3046.49;75.9268
20.11.2020;3051.04;76.2627
21.11.2020;;76.012
22.11.2020;;
23.11.2020;3047.06;76.012
24.11.2020;3095.84;75.76
25.11.2020;3134.52;75.8146
26.11.2020;3138.62;75.4727
27.11.2020;3142.68;75.4518
28.11.2020;;75.8599
29.11.2020;;
30.11.2020;3107.58;75.8599
01.12.2020;3147.79;76.1999
02.12.2020;3189.61;76.3203
03.12.2020;3162.67;75.6151
04.12.2020;3184.72;75.1996
05.12.2020;;74.2529
06.12.2020;;
07.12.2020;3195.08;74.2529
08.12.2020;3179.61;74.2506
09.12.2020;3211.66;73.6618
10.12.2020;3258.31;73.3057
11.12.2020;3276.58;73.7124
12.12.2020;;73.1195
13.12.2020;;
14.12.2020;3254.83;73.1195
15.12.2020;3248.11;72.9272
16.12.2020;3269.95;73.4453
17.12.2020;3282.67;73.4201
18.12.2020;3273.75;72.9781
19.12.2020;;73.3155
20.12.2020;;
21.12.2020;3186.38;73.3155
22.12.2020;3236.46;74.6721
23.12.2020;3252.1;75.3498
24.12.2020;3236.88;75.4571
25.12.2020;3246.35;74.8392
26.12.2020;;73.6921
27.12.2020;;
28.12.2020;3258.95;73.6921
29.12.2020;3274.67;73.7175
30.12.2020;3289.02;73.6567
31.12.2020;3289.02;73.8757
01.01.2021;;73.8757
02.01.2021;;
03.01.2021;;
04.01.2021;3350.51;
05.01.2021;3359.15;
06.01.2021;3371.03;
07.01.2021;;
08.01.2021;3454.82;
09.01.2021;;
10.01.2021;;
11.01.2021;3482.48;
12.01.2021;3471.65;74.5157
13.01.2021;3470.26;74.2663
14.01.2021;3490.85;73.5264
15.01.2021;3450.95;73.7961
16.01.2021;;73.5453
17.01.2021;;
18.01.2021;3471.92;73.5453
19.01.2021;3443.23;73.9735
20.01.2021;3466.8;73.7243
21.01.2021;3422.67;73.355
22.01.2021;3382.92;73.3694
23.01.2021;;74.3615
24.01.2021;;
25.01.2021;3397.48;74.3615
26.01.2021;3390.76;74.8569
27.01.2021;3343.62;75.6354
28.01.2021;3342.01;75.04
29.01.2021;3277.08;76.1854
30.01.2021;;76.2527
31.01.2021;;
01.02.2021;3291.14;76.2527
02.02.2021;3360.25;75.5053
03.02.2021;3343.46;75.9051
04.02.2021;3372;76.0801
05.02.2021;3392.73;75.7293
06.02.2021;;75.1107
07.02.2021;;
08.02.2021;3445.9;75.1107
09.02.2021;3426.86;74.2602
10.02.2021;3399.66;74.1192
11.02.2021;3414.32;73.8526
12.02.2021;3427.08;73.7579
13.02.2021;;73.9378
14.02.2021;;
15.02.2021;3481.9;73.9378
16.02.2021;3495.26;73.3092
17.02.2021;3436.8;73.2895
18.02.2021;3400.17;73.7669
19.02.2021;3457.68;73.7755
20.02.2021;3446.32;73.9717
21.02.2021;;73.9833
22.02.2021;3433.93;
23.02.2021;;
24.02.2021;3385.48;
25.02.2021;3409.76;73.7532
26.02.2021;3346.64;73.4747
27.02.2021;;74.4373
28.02.2021;;
01.03.2021;3386.16;74.4373
02.03.2021;3410.1;74.0448
03.03.2021;3416.04;74.5755
04.03.2021;3397.56;73.5187
05.03.2021;3414.13;73.7864
06.03.2021;;74.4275
07.03.2021;;
08.03.2021;;74.4275
09.03.2021;3478.72;
10.03.2021;3463.06;74.264
11.03.2021;3508.51;74.0393
12.03.2021;3539.5;73.4996
13.03.2021;;73.5081
14.03.2021;;
15.03.2021;3584.49;73.5081
16.03.2021;3589.83;73.2317
17.03.2021;3507.91;72.9619
18.03.2021;3504.85;73.1019
19.03.2021;3475.26;73.6582
20.03.2021;;74.139
21.03.2021;;
22.03.2021;3489.07;74.139
23.03.2021;3467.21;74.6085
24.03.2021;3485.33;75.3585
25.03.2021;3439.3;76.1535
26.03.2021;3489.83;76.1741
27.03.2021;;75.7576
28.03.2021;;
29.03.2021;3529.33;75.7576
30.03.2021;3525.23;75.8287
31.03.2021;3541.72;75.7023
01.04.2021;3527.54;75.6373
02.04.2021;3558.22;75.8073
03.04.2021;;76.0734
04.04.2021;;
05.04.2021;3524.93;76.0734
06.04.2021;3493.89;76.6052
07.04.2021;3500.34;76.3802
08.04.2021;3507.83;77.773
09.04.2021;3486.03;77.1011
10.04.2021;;77.1657
11.04.2021;;
12.04.2021;3522.65;77.1657
13.04.2021;3526.3;77.5104
14.04.2021;3576.89;77.2535
15.04.2021;3568.51;75.6826
16.04.2021;3598.44;76.9808
17.04.2021;;75.5535
18.04.2021;;
19.04.2021;3574.08;75.5535
20.04.2021;3552.41;76.2491
21.04.2021;3561.72;76.0155
22.04.2021;3600.35;76.8198
23.04.2021;3597.17;76.4217
24.04.2021;;75.0893
25.04.2021;;
26.04.2021;3610.98;75.0893
27.04.2021;3600.6;74.768
28.04.2021;3578.12;74.9578
29.04.2021;3571.05;74.939
30.04.2021;3544;74.3823
01.05.2021;;74.8451
02.05.2021;;
03.05.2021;;74.8451
04.05.2021;3577.21;
05.05.2021;3643.56;75.2567
06.05.2021;3658.27;74.8617
07.05.2021;3682.69;74.577
08.05.2021;;74.1373
09.05.2021;;
10.05.2021;3694.78;74.1373
11.05.2021;3652.05;
12.05.2021;3654.14;74.1567
13.05.2021;3637.38;74.04
14.05.2021;3637.6;74.3566
15.05.2021;;73.9968
16.05.2021;;
17.05.2021;3639.61;73.9968
18.05.2021;3687.96;73.8537
19.05.2021;3634.76;73.6992
20.05.2021;3636.16;73.6778
21.05.2021;3660.48;73.6007
22.05.2021;;73.5803
23.05.2021;;
24.05.2021;3662.51;73.5803
25.05.2021;3686.76;73.5266
26.05.2021;3711.05;73.3963
27.05.2021;3738.68;73.4737
28.05.2021;3730.55;73.458
29.05.2021;;73.587
30.05.2021;;
31.05.2021;3721.63;73.587
01.06.2021;3764.59;73.2965
02.06.2021;3817.68;73.2411
03.06.2021;3805.45;73.4979
04.06.2021;3807.43;73.2636
05.06.2021;;73.2721
06.06.2021;;
07.06.2021;3822.21;73.2721
08.06.2021;3807.43;72.9294
09.06.2021;3843.28;72.8256
10.06.2021;3827.71;72.0829
11.06.2021;3841.53;72.1974
12.06.2021;;71.6797
13.06.2021;;
14.06.2021;3860.18;71.6797
15.06.2021;3822.4;
16.06.2021;3829.67;71.8318
17.06.2021;3819.07;72.0323
18.06.2021;3802.95;72.5048
19.06.2021;;72.2216
20.06.2021;;
21.06.2021;3813.45;72.2216
22.06.2021;3821.68;73.1987
23.06.2021;3837.15;73.1661
24.06.2021;3823.44;72.6671
25.06.2021;3831.84;72.326
26.06.2021;;72.1694
27.06.2021;;
28.06.2021;3825.57;72.1694
29.06.2021;3790.85;72.1777
30.06.2021;3841.85;72.3723
01.07.2021;3858.32;72.7234
02.07.2021;3865.42;72.9086
03.07.2021;;73.6175
04.07.2021;;
05.07.2021;3882.59;73.6175
06.07.2021;3884.3;73.354
07.07.2021;3895.1;73.266
08.07.2021;3861.08;74.058
09.07.2021;3855.31;75.1952
10.07.2021;;74.4675
11.07.2021;;
12.07.2021;3875.61;74.4675
13.07.2021;3877.03;74.6336
14.07.2021;3832.85;74.0589
15.07.2021;3799.97;74.1236
16.07.2021;3770.15;74.2197
17.07.2021;;74.1656
18.07.2021;;
19.07.2021;3693.42;74.1656
20.07.2021;3704.4;74.3463
21.07.2021;3722.96;74.491
22.07.2021;3754.44;74.4947
23.07.2021;3734.54;73.6945
24.07.2021;;73.7663
25.07.2021;;
26.07.2021;3750.1;73.7663
27.07.2021;3733.1;74.098
28.07.2021;3782.28;73.8471
29.07.2021;3804.33;73.6088
30.07.2021;3771.58;73.1904
31.07.2021;;73.1388
01.08.2021;;
02.08.2021;3788.1;73.1388
03.08.2021;3793.69;73.0156
04.08.2021;3810.62;72.8724
05.08.2021;3833.75;72.7857
06.08.2021;3805.36;73.168
07.08.2021;;73.1304
08.08.2021;;
09.08.2021;3835.11;73.1304
10.08.2021;3862.32;73.5078
11.08.2021;3877.37;73.5962
12.08.2021;3888.86;73.9695
13.08.2021;3873;73.5671
14.08.2021;;73.4721
15.08.2021;;
16.08.2021;3895.31;73.4721
17.08.2021;3943.01;73.392
18.08.2021;3925.17;73.4753
19.08.2021;3853.98;73.4633
20.08.2021;3832.7;74.1503
21.08.2021;;74.364
22.08.2021;;
23.08.2021;3883.01;74.364
24.08.2021;3888.87;74.0666
25.08.2021;3886.64;73.9465
26.08.2021;3851.57;73.7428
27.08.2021;3887.38;73.9908
28.08.2021;;73.9866
29.08.2021;;
30.08.2021;3928.5;73.9866
31.08.2021;3918.96;73.5744
01.09.2021;3971.02;73.2781
02.09.2021;3990.77;73.1912
03.09.2021;4001.7;72.8491
04.09.2021;;72.8545
05.09.2021;;
06.09.2021;4028.25;72.8545
07.09.2021;4010.16;72.9538
08.09.2021;4017.37;73.1909
09.09.2021;3993.56;73.4421
10.09.2021;4002.66;73.129
11.09.2021;;72.76
12.09.2021;;
13.09.2021;4041.16;72.76
14.09.2021;4055.7;73.0841
15.09.2021;4065.53;72.7171
16.09.2021;4045.1;72.852
17.09.2021;4035.17;72.4329
18.09.2021;;72.5602
19.09.2021;;
20.09.2021;3969.61;72.5602
21.09.2021;3970.48;73.3315
22.09.2021;4030.98;73.2067
23.09.2021;4052.14;72.8806
24.09.2021;4038.23;72.7245
25.09.2021;;73.0081
26.09.2021;;
27.09.2021;4081.22;73.0081
28.09.2021;4065.46;72.6613
29.09.2021;4058.37;72.5083
30.09.2021;4103.52;72.7608
01.10.2021;4086.99;72.6642
02.10.2021;;72.9215
03.10.2021;;
04.10.2021;4112.72;72.9215
05.10.2021;4223.85;72.9239
06.10.2021;4171.71;72.5686
07.10.2021;4228.02;72.5682
08.10.2021;4238;72.2854
09.10.2021;;71.9882
10.10.2021;;
11.10.2021;4279.87;71.9882
12.10.2021;4263.8;71.6373
13.10.2021;4243.92;71.8801
14.10.2021;4259.13;71.8577
15.10.2021;4261.82;71.7846
16.10.2021;;71.2371
17.10.2021;;
18.10.2021;4248.33;71.2371
19.10.2021;4276.26;71.1714
20.10.2021;4287.52;70.9674
21.10.2021;4218.63;71.0555
22.10.2021;4196.96;70.9904
23.10.2021;;70.8623
24.10.2021;;
25.10.2021;4254.98;70.8623
26.10.2021;4235.87;70.1345
27.10.2021;4229.53;69.5526
28.10.2021;4189.66;69.8104
29.10.2021;4150;70.5207
30.10.2021;;70.52
31.10.2021;;
01.11.2021;4221.49;70.52
02.11.2021;4207.53;71.0863
03.11.2021;4184.87;71.4783
04.11.2021;;71.4876
05.11.2021;4174.76;
06.11.2021;;
07.11.2021;;
08.11.2021;4218.27;
09.11.2021;4187.33;71.3975
10.11.2021;4172.47;71.2866
11.11.2021;4189.35;70.695
12.11.2021;4121.66;71.1964
13.11.2021;;71.8118
14.11.2021;;
15.11.2021;4135.14;71.8118
16.11.2021;4120.02;72.2724
17.11.2021;4149.02;72.5553
18.11.2021;4093.85;72.8228
19.11.2021;4016.47;72.6022
20.11.2021;;72.7617
21.11.2021;;
22.11.2021;3872.77;72.7617
23.11.2021;3960.33;73.4506
24.11.2021;3950.56;74.8327
25.11.2021;3947.82;74.3726
26.11.2021;3810.98;74.6004
27.11.2021;;75.5873
28.11.2021;;
29.11.2021;3879.54;75.5873
30.11.2021;3890.59;74.9818
01.12.2021;3959.29;74.8926
02.12.2021;3947.54;73.9746
03.12.2021;3913.06;74.0637
04.12.2021;;73.7426
05.12.2021;;
06.12.2021;3810.1;73.7426
07.12.2021;3873.2;73.6694
08.12.2021;3773.61;74.1399
09.12.2021;3813.29;73.8453
10.12.2021;3760.23;73.5998
11.12.2021;;73.6059
12.12.2021;;
13.12.2021;3618.31;73.6059
14.12.2021;3619.39;73.4107
15.12.2021;3621.82;73.4698
16.12.2021;3750.36;73.851
17.12.2021;3723.27;73.5708
18.12.2021;;73.733
19.12.2021;;
20.12.2021;3669.05;73.733
21.12.2021;3693.02;74.2947
22.12.2021;3746.75;73.8206
23.12.2021;3704.6;73.7901
24.12.2021;3702.72;73.3583
25.12.2021;;73.1886
26.12.2021;;
27.12.2021;3740.63;73.1886
28.12.2021;3777.56;73.2329
29.12.2021;3741.07;73.4959
30.12.2021;3787.26;73.6514
31.12.2021;;74.2926
01.01.2022;;
02.01.2022;;
03.01.2022;3852.5;
04.01.2022;3873.49;
05.01.2022;3815.05;
06.01.2022;3753.29;
07.01.2022;;
08.01.2022;;
09.01.2022;;
10.01.2022;3738.68;
11.01.2022;3785.29;75.1315
12.01.2022;3829.95;74.8355
13.01.2022;3674.73;74.5277
14.01.2022;3596.98;74.5686
15.01.2022;;75.7668
16.01.2022;;
17.01.2022;3560.35;75.7668
18.01.2022;3328.94;76.0404
19.01.2022;3436.82;76.3347
20.01.2022;3516.02;76.8697
21.01.2022;3439.25;76.4408
22.01.2022;;76.6903
23.01.2022;;
24.01.2022;3235.28;76.6903
25.01.2022;3258.74;77.3649
26.01.2022;3357.66;78.6422
27.01.2022;3455.93;78.9437
28.01.2022;3488.6;78.947
29.01.2022;;77.8174
30.01.2022;;
31.01.2022;3530.38;77.8174
01.02.2022;3548.17;77.4702
02.02.2022;3543.8;77.1302
03.02.2022;3471.18;76.4849
04.02.2022;3471.01;76.6501
05.02.2022;;76.0509
06.02.2022;;
07.02.2022;3470.78;76.0509
08.02.2022;3551.65;75.6806
09.02.2022;3638.93;75.3042
10.02.2022;3655.76;74.8015
11.02.2022;3546.62;74.7241
12.02.2022;;74.9867
13.02.2022;;
14.02.2022;3481.38;74.9867
15.02.2022;3600.29;76.5762
16.02.2022;3646.41;76.166
17.02.2022;3511.08;
18.02.2022;3393.31;75.7527
19.02.2022;;75.7619
20.02.2022;;
21.02.2022;3036.88;75.7619
22.02.2022;3084.74;76.7671
23.02.2022;;80.4194
24.02.2022;2058.12;
25.02.2022;2470.48;86.9288
26.02.2022;;83.5485
27.02.2022;;
28.02.2022;2470.48;83.5485
01.03.2022;;93.5589
02.03.2022;;91.7457
03.03.2022;;103.2487
04.03.2022;;111.7564
05.03.2022;;105.8124
06.03.2022;;105.8124
07.03.2022;;
08.03.2022;;
09.03.2022;;
10.03.2022;;116.0847
11.03.2022;;120.3785
12.03.2022;;116.7517
13.03.2022;;
14.03.2022;;116.7517
15.03.2022;;115.1963
16.03.2022;;111.4823
17.03.2022;;108.0521
18.03.2022;;104.8012
19.03.2022;;103.9524
20.03.2022;;
21.03.2022;;103.9524
22.03.2022;;104.6819
23.03.2022;;104.0741
24.03.2022;2578.51;103.1618
25.03.2022;2484.13;96.0458
26.03.2022;;95.6618
27.03.2022;;
28.03.2022;2430.7;95.6618
29.03.2022;2408.49;93.7125
30.03.2022;2513.03;86.2843
31.03.2022;2703.51;84.0851
01.04.2022;2759.64;83.4097
02.04.2022;;83.4285
03.04.2022;;
04.04.2022;2787.69;83.4285
05.04.2022;2662.79;83.5932
06.04.2022;2611.43;83.352
07.04.2022;2635.39;82.5962
08.04.2022;2592.72;76.2547
09.04.2022;;74.8501
10.04.2022;;
11.04.2022;2557.16;74.8501
12.04.2022;2540.99;79.1596
13.04.2022;2528.42;79.6274
14.04.2022;2404.73;79.8471
15.04.2022;2424.99;81.288
16.04.2022;;80.0437
17.04.2022;;
18.04.2022;2342.63;80.0437
19.04.2022;2317.46;79.4529
20.04.2022;2330.73;79.0287
21.04.2022;2271.05;77.0809
22.04.2022;2232.23;74.999
23.04.2022;;73.505
24.04.2022;;
25.04.2022;2186.22;73.505
26.04.2022;2318.46;73.3611
27.04.2022;2424.28;72.7089
28.04.2022;2383.66;72.8764
29.04.2022;2445.17;72.2953
30.04.2022;;71.0237
01.05.2022;;
02.05.2022;;71.0237
03.05.2022;;
04.05.2022;2373.16;
05.05.2022;2404.8;69.416
06.05.2022;2393.03;66.2378
07.05.2022;;67.3843
08.05.2022;;
09.05.2022;;67.3843
10.05.2022;;
11.05.2022;2387.14;
12.05.2022;2297.89;68.8389
13.05.2022;2307.5;65.7916
14.05.2022;;63.7799
15.05.2022;;
16.05.2022;2364.6;63.7799
17.05.2022;2424.1;63.4445
18.05.2022;2445.3;63.5428
19.05.2022;2436.57;63.5643
20.05.2022;2373.26;62.4031
21.05.2022;;58.8862
22.05.2022;;
23.05.2022;2301.85;58.8862
24.05.2022;2293.62;58.2087
25.05.2022;2340.18;56.969
26.05.2022;2413.06;56.2996
27.05.2022;2407.59;62.0495
28.05.2022;;66.4029
29.05.2022;;
30.05.2022;2400.39;66.4029
31.05.2022;2355.75;63.0975
01.06.2022;2374.6;61.6069
02.06.2022;2340.17;61.4733
03.06.2022;2308.03;61.575
04.06.2022;;61.9659
05.06.2022;;
06.06.2022;2282.16;61.9659
07.06.2022;2291.62;61.1094
08.06.2022;2318.85;60.9565
09.06.2022;2293.99;60.2282
10.06.2022;2285.52;58.3895
11.06.2022;;57.778
12.06.2022;;
13.06.2022;;57.778
14.06.2022;2289.75;
15.06.2022;2318.96;57.0926
16.06.2022;2369.75;56.6624
17.06.2022;2353.98;56.8691
18.06.2022;;56.7101
19.06.2022;;
20.06.2022;2404.4;56.7101
21.06.2022;2358.81;56.1727
22.06.2022;2373.52;54.7081
23.06.2022;2404.54;53.2788
24.06.2022;2391.51;53.3578
25.06.2022;;53.3234
26.06.2022;;
27.06.2022;2417.06;53.3234
28.06.2022;2408.75;53.3641
29.06.2022;2378.55;52.9699
30.06.2022;2204.85;51.158
01.07.2022;2206.61;52.5123
02.07.2022;;53.7676
03.07.2022;;
04.07.2022;2204.66;53.7676
05.07.2022;2226.64;55.0858
06.07.2022;2221.88;58.5118
07.07.2022;2226.65;62.911
08.07.2022;2222.51;63.1427
09.07.2022;;61.2664
10.07.2022;;
11.07.2022;2162.34;61.2664
12.07.2022;2133.77;61.3045
13.07.2022;2073.68;58.8541
14.07.2022;2063.3;58.5322
15.07.2022;2109.52;58.2568
16.07.2022;;57.8323
17.07.2022;;
18.07.2022;2096.42;57.8323
19.07.2022;2071.28;56.5616
20.07.2022;2075.24;55.437
21.07.2022;2053.64;54.8491
22.07.2022;2096.75;56.4783
23.07.2022;;57.3917
24.07.2022;;
25.07.2022;2128.96;57.3917
26.07.2022;2192.42;57.7821
27.07.2022;2196.22;58.6605
28.07.2022;2189.16;60.2198
29.07.2022;2213.81;60.2031
30.07.2022;;61.3101
31.07.2022;;
01.08.2022;2180.09;61.3101
02.08.2022;2137.3;62.0506
03.08.2022;2123.92;60.1595
04.08.2022;2116.58;60.2374
05.08.2022;2054.29;60.258
06.08.2022;;60.3696
07.08.2022;;
08.08.2022;2088.4;60.3696
09.08.2022;2136.8;60.3164
10.08.2022;2151.5;60.3814
11.08.2022;2133.11;60.4542
12.08.2022;2147.33;60.6229
13.08.2022;;60.8993
14.08.2022;;
15.08.2022;2165.12;60.8993
16.08.2022;2208.33;61.3747
17.08.2022;2188.56;61.4247
18.08.2022;2194.31;60.7552
19.08.2022;2195.16;59.957
20.08.2022;;59.1321
21.08.2022;;
22.08.2022;2228.11;59.1321
23.08.2022;2260.08;59.7419
24.08.2022;2248.22;59.8963
25.08.2022;2246.34;59.9974
26.08.2022;2268.89;59.7699
27.08.2022;;60.0924
28.08.2022;;
29.08.2022;2296.33;60.0924
30.08.2022;2306.62;60.3636
31.08.2022;2400.08;60.3677
01.09.2022;2445.77;60.2386
02.09.2022;2471.45;60.237
03.09.2022;;60.3713
04.09.2022;;
05.09.2022;2488.44;60.3713
06.09.2022;2425.33;60.9033
07.09.2022;2401.57;60.8544
08.09.2022;2390.27;61.1814
09.09.2022;2426.06;60.801
10.09.2022;;60.4696
11.09.2022;;
12.09.2022;2449.65;60.4696
13.09.2022;2446.89;60.4568
14.09.2022;2435.89;60.0676
15.09.2022;2446.59;59.7751
16.09.2022;2435.18;59.6663
17.09.2022;;60.0316
18.09.2022;;
19.09.2022;2430.54;60.0316
20.09.2022;2215.67;60.1662
21.09.2022;2130.71;60.0158
22.09.2022;2190.87;60.8685
23.09.2022;2089.87;59.8318
24.09.2022;;58.1006
25.09.2022;;
26.09.2022;1933.35;58.1006
27.09.2022;1953.46;57.999
28.09.2022;1963.86;58.1756
29.09.2022;1953.77;58.4485
30.09.2022;1957.31;57.413
01.10.2022;;55.2987
02.10.2022;;
03.10.2022;2041.96;55.2987
04.10.2022;2046.42;57.5664
05.10.2022;2029.88;58.7913
06.10.2022;2020.63;59.4043
07.10.2022;1944.75;60.2534
08.10.2022;;61.2475
09.10.2022;;
10.10.2022;1916.97;61.2475
11.10.2022;1949.46;62.3126
12.10.2022;1951.65;63.684
13.10.2022;1955.2;63.7559
14.10.2022;1950.98;63.4917
15.10.2022;;63.0558
16.10.2022;;
17.10.2022;2012.85;63.0558
18.10.2022;2032.4;61.7634
19.10.2022;1978.4;61.7032
20.10.2022;2025.51;61.5905
21.10.2022;2043.71;61.5018
22.10.2022;;61.1958
23.10.2022;;
24.10.2022;2063.95;61.1958
25.10.2022;2130.65;61.1629
26.10.2022;2120.58;61.3326
27.10.2022;2164.64;61.4277
28.10.2022;2167.7;61.3589
29.10.2022;;61.5343
30.10.2022;;
31.10.2022;2166.61;61.5343
01.11.2022;2174.35;61.6229
02.11.2022;2173.84;61.4275
03.11.2022;2155.92;61.6175
04.11.2022;;62.0955
05.11.2022;;
06.11.2022;;
07.11.2022;2208.78;
08.11.2022;2207.2;61.2367
09.11.2022;2166.56;60.9774
10.11.2022;2210.02;61.0611
11.11.2022;2217.44;61.2434
12.11.2022;;60.2179
13.11.2022;;
14.11.2022;2244.77;60.2179
15.11.2022;2223.26;60.3982
16.11.2022;2227.19;60.3116
17.11.2022;2212.93;60.3484
18.11.2022;2206.32;60.3894
19.11.2022;;60.3741
20.11.2022;;
21.11.2022;2166.31;60.3741
22.11.2022;2196.04;60.7379
23.11.2022;2211.89;60.6566
24.11.2022;2210.95;60.5043
25.11.2022;2195.17;60.3866
26.11.2022;;60.4797
27.11.2022;;
28.11.2022;2177.45;60.4797
29.11.2022;2185.32;60.752
30.11.2022;2174.53;61.0742
01.12.2022;2187.29;60.8803
02.12.2022;2180.44;61.1479
03.12.2022;;61.7749
04.12.2022;;
05.12.2022;2208.28;61.7749
06.12.2022;2196.24;62.1849
07.12.2022;2192.88;62.9103
08.12.2022;2184.43;62.9372
09.12.2022;2177.85;62.5722
10.12.2022;;62.3813
11.12.2022;;
12.12.2022;2173.16;62.3813
13.12.2022;2174.38;62.7674
14.12.2022;2159.81;63.212
15.12.2022;2126.8;63.359
16.12.2022;2132.75;64.3015
17.12.2022;;64.6078
18.12.2022;;
19.12.2022;2129.98;64.6078
20.12.2022;2119.37;66.3474
21.12.2022;2116.13;69.0037
22.12.2022;2122.91;70.5256
23.12.2022;2124.02;72.1306
24.12.2022;;68.676
25.12.2022;;
26.12.2022;2139.21;68.676
27.12.2022;2150.92;68.4487
28.12.2022;2139.77;69.9346
29.12.2022;2147.06;71.3261
30.12.2022;2154.12;71.9778
31.12.2022;;70.3375
01.01.2023;;
02.01.2023;;70.3375
03.01.2023;2172.68;
04.01.2023;2168.42;
05.01.2023;2156.67;
06.01.2023;2156.39;
07.01.2023;;
08.01.2023;;
09.01.2023;2163.5;
10.01.2023;2159.51;70.3002
11.01.2023;2186.98;69.6094
12.01.2023;2185.93;69.0202
13.01.2023;2199.94;67.7775
14.01.2023;;67.5744
15.01.2023;;
16.01.2023;2224.9;67.5744
17.01.2023;2196.84;68.2892
18.01.2023;2196.26;68.6644
19.01.2023;2168.83;68.8728
20.01.2023;2166.69;68.8467
21.01.2023;;68.6656
22.01.2023;;
23.01.2023;2185.31;68.6656
24.01.2023;2172.75;68.6288
25.01.2023;2170.15;68.7529
26.01.2023;2166.92;68.9573
27.01.2023;2189.35;69.1263
28.01.2023;;69.3372
29.01.2023;;
30.01.2023;2204.41;69.3372
31.01.2023;2225.6;69.5927
01.02.2023;2230.15;70.5174
02.02.2023;2243.54;70.1217
03.02.2023;2248.3;70.0414
04.02.2023;;70.3847
05.02.2023;;
06.02.2023;2272.37;70.3847
07.02.2023;2267.69;70.5991
08.02.2023;2251.97;70.8924
09.02.2023;2262.45;71.5763
10.02.2023;2261.58;72.8949
11.02.2023;;72.7923
12.02.2023;;
13.02.2023;2264.27;72.7923
14.02.2023;2232.23;73.6307
15.02.2023;2166.46;73.8645
16.02.2023;2153.96;74.2077
17.02.2023;2168.88;74.7638
18.02.2023;;74.7588
19.02.2023;;
20.02.2023;2183.57;74.7588
21.02.2023;2212.42;74.0432
22.02.2023;2212.4;74.8596
23.02.2023;;74.7087
24.02.2023;2208.03;
25.02.2023;;
26.02.2023;;
27.02.2023;2241.1;
28.02.2023;2253.16;75.4323
01.03.2023;2279.65;74.8932
02.03.2023;2254.3;75.2513
03.03.2023;2272.2;75.4729
04.03.2023;;75.4592
05.03.2023;;
06.03.2023;2294.12;75.4592
07.03.2023;2295.6;75.4728
08.03.2023;;75.4577
09.03.2023;2290.14;
10.03.2023;2276.25;75.9028
11.03.2023;;75.9406
12.03.2023;;
13.03.2023;2269.47;75.9406
14.03.2023;2290.32;75.4609
15.03.2023;2262.07;75.1927
16.03.2023;2258.22;75.7457
17.03.2023;2322.78;76.4095
18.03.2023;;76.6044
19.03.2023;;
20.03.2023;2397.16;76.6044
21.03.2023;2398.15;77.2422
22.03.2023;2393.88;76.8373
23.03.2023;2388.35;76.9561
24.03.2023;2391.53;76.3072
25.03.2023;;76.4479
26.03.2023;;
27.03.2023;2440.68;76.4479
28.03.2023;2442.19;76.5662
29.03.2023;2460.87;76.5939
30.03.2023;2465.93;76.9781
31.03.2023;2450.67;77.0863
01.04.2023;;77.3233
02.04.2023;;
03.04.2023;2473.32;77.3233
04.04.2023;2480.45;77.951
05.04.2023;2500.8;79.3563
06.04.2023;2498.3;79.4961
07.04.2023;2508.39;80.6713
08.04.2023;;82.3988
09.04.2023;;
10.04.2023;2547.35;82.3988
11.04.2023;2533.69;81.7441
12.04.2023;2538.47;82.1799
13.04.2023;2544.28;82.0934
14.04.2023;2554.85;81.6758
15.04.2023;;81.5045
16.04.2023;;
17.04.2023;2596.11;81.5045
18.04.2023;2615.62;81.6279
19.04.2023;2606.55;81.6028
20.04.2023;2637.85;81.6549
21.04.2023;2639.95;81.6188
22.04.2023;;81.4863
23.04.2023;;
24.04.2023;2635.43;81.4863
25.04.2023;2626.86;81.2745
26.04.2023;2620.33;81.5499
27.04.2023;2646.18;81.6274
28.04.2023;2634.94;81.5601
29.04.2023;;80.5093
30.04.2023;;
01.05.2023;;80.5093
02.05.2023;2580.51;80.5093
03.05.2023;2532.42;79.9609
04.05.2023;2524.51;79.3071
05.05.2023;2538.24;78.6139
06.05.2023;;76.8207
07.05.2023;;
08.05.2023;2527.59;76.8207
09.05.2023;;76.8207
10.05.2023;2548.63;76.8207
11.05.2023;2595.12;76.6929
12.05.2023;2565.17;75.8846
13.05.2023;;77.2041
14.05.2023;;
15.05.2023;2611.07;77.2041
16.05.2023;2633.71;79.1004
17.05.2023;2634.48;79.9798
18.05.2023;2632.91;80.7642
19.05.2023;2626.16;80.0366
20.05.2023;;79.9093
21.05.2023;;
22.05.2023;2633.26;79.9093
23.05.2023;2641.66;79.9379
24.05.2023;2654.99;80.1665
25.05.2023;2649.98;79.9669
26.05.2023;2682.03;79.9841
27.05.2023;;79.9667
28.05.2023;;
29.05.2023;2732;79.9667
30.05.2023;2698.75;80.0555
31.05.2023;2717.64;80.6872
01.06.2023;2721.73;80.9942
02.06.2023;2719.48;80.9657
03.06.2023;;80.8756
04.06.2023;;
05.06.2023;2694.14;80.8756
06.06.2023;2681.25;81.3294
07.06.2023;2694.69;81.2502
08.06.2023;2709.69;81.4581
09.06.2023;2708.04;82.093
10.06.2023;;82.6417
11.06.2023;;
12.06.2023;;82.6417
13.06.2023;2757.28;82.6417
14.06.2023;2765.18;83.6405
15.06.2023;2800.17;84.3249
16.06.2023;2800.79;83.9611
17.06.2023;;83.6498
18.06.2023;;
19.06.2023;2815.07;83.6498
20.06.2023;2803.69;83.9866
21.06.2023;2819.3;84.2336
22.06.2023;2815.83;84.2467
23.06.2023;2795.06;83.6077
24.06.2023;;84.0793
25.06.2023;;
26.06.2023;2757.13;84.0793
27.06.2023;2776.63;84.6642
28.06.2023;2780.92;85.0504
29.06.2023;2796.41;85.6192
30.06.2023;2797.37;87.0341
01.07.2023;;88.3844
02.07.2023;;
03.07.2023;2793.93;88.3844
04.07.2023;2808.22;89.3255
05.07.2023;2805;89.545
06.07.2023;2819.6;90.338
07.07.2023;2832.51;92.5695
08.07.2023;;91.6879
09.07.2023;;
10.07.2023;2856.76;91.6879
11.07.2023;2860.33;91.4931
12.07.2023;2896.83;90.5045
13.07.2023;2885.63;90.6253
14.07.2023;2902.72;90.1757
15.07.2023;;90.119
16.07.2023;;
17.07.2023;2917.61;90.119
18.07.2023;2954.52;90.4217
19.07.2023;2943.43;90.6906
20.07.2023;2917.48;91.2046
21.07.2023;2923.54;90.8545
22.07.2023;;90.3846
23.07.2023;;
24.07.2023;2937.47;90.3846
25.07.2023;2975.36;90.489
26.07.2023;2970.42;90.0945
27.07.2023;2987.85;90.0468
28.07.2023;3008.61;90.0225
29.07.2023;;90.9783
30.07.2023;;
31.07.2023;3073.5;90.9783
01.08.2023;3093.64;91.5923
02.08.2023;3106.46;91.7755
03.08.2023;3147.8;92.841
04.08.2023;3092.44;93.7792
05.08.2023;;94.8076
06.08.2023;;
07.08.2023;3084.08;94.8076
08.08.2023;3085.31;96.5668
09.08.2023;3099.52;96.0755
10.08.2023;3148.86;97.3999
11.08.2023;3155.51;97.2794
12.08.2023;;98.2066
13.08.2023;;
14.08.2023;3131;98.2066
15.08.2023;3115.25;101.0399
16.08.2023;3049.46;97.4217
17.08.2023;3059.02;96.7045
18.08.2023;3111.22;93.746
19.08.2023;;93.4047
20.08.2023;;
21.08.2023;3139.93;93.4047
22.08.2023;3164.25;94.1424
23.08.2023;3146.2;94.1185
24.08.2023;3137.37;94.4421
25.08.2023;3157.33;94.4007
26.08.2023;;94.7117
27.08.2023;;
28.08.2023;3198.72;94.7117
29.08.2023;3211.36;95.4717
30.08.2023;3212.68;95.707
31.08.2023;3227.99;95.9283
01.09.2023;3231.35;96.3344
02.09.2023;;96.3411
03.09.2023;;
04.09.2023;3268.97;96.3411
05.09.2023;3264.43;96.6199
06.09.2023;3245.47;97.5383
07.09.2023;3169.07;97.8439
08.09.2023;3142.88;98.1961
09.09.2023;;97.9241
10.09.2023;;
11.09.2023;3122.37;97.9241
12.09.2023;3165.92;96.5083
13.09.2023;3148.32;94.7035
14.09.2023;3139.49;95.9794
15.09.2023;3152.53;96.1609
16.09.2023;;96.6338
17.09.2023;;
18.09.2023;3135.18;96.6338
19.09.2023;3083.85;96.6472
20.09.2023;3068.15;96.2236
21.09.2023;3019.22;96.6172
22.09.2023;3049.07;96.0762
23.09.2023;;96.0419
24.09.2023;;
25.09.2023;3045.39;96.0419
26.09.2023;3051.91;96.1456
27.09.2023;3067.61;96.2378
28.09.2023;3108.07;96.5
29.09.2023;3133.26;97.0018
30.09.2023;;97.4147
01.10.2023;;
02.10.2023;3132.33;97.4147
03.10.2023;3143.88;98.4785
04.10.2023;3134.25;99.2677
05.10.2023;3131.76;99.4555
06.10.2023;3144.89;99.6762
07.10.2023;;100.4911
08.10.2023;;
09.10.2023;3174.02;100.4911
10.10.2023;3177.03;101.3598
11.10.2023;3194.12;99.9349
12.10.2023;3174.66;99.9808
13.10.2023;3192.33;96.9948
14.10.2023;;97.3075
15.10.2023;;
16.10.2023;3234.78;97.3075
17.10.2023;3247.15;97.2865
18.10.2023;3249.21;97.3458
19.10.2023;3255.16;97.3724
20.10.2023;3269.27;97.3074
21.10.2023;;95.9053
22.10.2023;;
23.10.2023;3263.68;95.9053
24.10.2023;3265.01;94.7081
25.10.2023;3265.28;93.5224
26.10.2023;3223.89;93.1507
27.10.2023;3224.18;93.5616
28.10.2023;;93.2174
29.10.2023;;
30.10.2023;3227.07;93.2174
31.10.2023;3200.97;93.2435
01.11.2023;3206.52;92.0226
02.11.2023;3197.22;93.2801
03.11.2023;3208.63;93.173
04.11.2023;;93.0351
05.11.2023;;
06.11.2023;3235.11;93.0351
07.11.2023;3246.34;93.0351
08.11.2023;3245.43;92.4151
09.11.2023;3239.92;92.1973
10.11.2023;3242.06;91.9266
11.11.2023;;92.0535
12.11.2023;;
13.11.2023;3248.27;92.0535
14.11.2023;3212.39;92.1185
15.11.2023;3215.11;91.257
16.11.2023;3189.08;89.4565
17.11.2023;3206.34;88.9466
18.11.2023;;89.1237
19.11.2023;;
20.11.2023;3207.36;89.1237
21.11.2023;3218.48;88.4954
22.11.2023;3230.65;87.8701
23.11.2023;3221.05;88.1648
24.11.2023;3217.76;88.1206
25.11.2023;;88.8133
26.11.2023;;
27.11.2023;3191.05;88.8133
28.11.2023;3196.36;88.7045
29.11.2023;3173.52;88.6102
30.11.2023;3165.79;88.8841
01.12.2023;3142.29;88.5819
02.12.2023;;89.7619
03.12.2023;;
04.12.2023;3114.41;89.7619
05.12.2023;3129.33;90.6728
06.12.2023;3079.5;91.5823
07.12.2023;3073.63;92.7826
08.12.2023;3079.99;92.5654
09.12.2023;;91.6402
10.12.2023;;
11.12.2023;3026.17;91.6402
12.12.2023;3019.89;90.9846
13.12.2023;3032.22;90.2158
14.12.2023;3008.84;89.8926
15.12.2023;3033.89;89.6741
16.12.2023;;89.6966
17.12.2023;;
18.12.2023;3076.26;89.6966
19.12.2023;3083.64;90.4162
20.12.2023;3104.66;90.087
21.12.2023;3073.57;90.4056
22.12.2023;3092.58;91.7062
23.12.2023;;91.9389
24.12.2023;;91.9389
25.12.2023;3099.02;91.9389
26.12.2023;3094.72;91.969
27.12.2023;3097.49;91.7069
28.12.2023;3101.99;91.7051
29.12.2023;3099.11;90.3041
30.12.2023;;89.6883
31.12.2023;;89.6883
01.01.2024;;89.6883
02.01.2024;;89.6883
03.01.2024;3130.23;89.6883
04.01.2024;3136.07;89.6883
05.01.2024;3136.37;89.6883
06.01.2024;;89.6883
07.01.2024;;89.6883
08.01.2024;3158.58;89.6883
09.01.2024;3155.55;89.6883
10.01.2024;3164.7;90.404
11.01.2024;3181.25;89.3939
12.01.2024;3185.22;88.7818
13.01.2024;;88.1324
14.01.2024;;88.1324
15.01.2024;3184.88;88.1324
16.01.2024;3179.45;87.6772
17.01.2024;3185.23;87.6457
18.01.2024;3178.85;88.354
19.01.2024;3166.37;88.661
20.01.2024;;88.5896
21.01.2024;;88.5896
22.01.2024;3172.15;88.5896
23.01.2024;3175.74;87.9724
24.01.2024;3162.41;87.9199
25.01.2024;3157.74;88.2829
26.01.2024;3163.21;88.6562
27.01.2024;;89.5159
28.01.2024;;89.5159
29.01.2024;3176.61;89.5159
30.01.2024;3196.08;89.609
31.01.2024;3214.19;89.2887
01.02.2024;3229.89;89.6678
02.02.2024;3226.35;90.2299
03.02.2024;;90.6626
04.02.2024;;90.6626
05.02.2024;3226.79;90.6626
06.02.2024;3238.4;91.2434
07.02.2024;3256.58;90.6842
08.02.2024;3241.81;91.1514
09.02.2024;3242.38;91.2561
10.02.2024;;90.8901
11.02.2024;;90.8901
12.02.2024;3248.5;90.8901
13.02.2024;3254.6;91.0758
14.02.2024;3258.14;91.2057
15.02.2024;3265.63;91.4316
16.02.2024;3242.48;91.8237
17.02.2024;;92.5492
18.02.2024;;92.5492
19.02.2024;3244.56;92.5492
20.02.2024;3207.49;92.4102
21.02.2024;3139.5;92.349
22.02.2024;3142.3;92.4387
23.02.2024;;92.7519
24.02.2024;;92.7519
25.02.2024;;92.7519
26.02.2024;3213.17;92.7519
27.02.2024;3208.99;92.6321
28.02.2024;3227.05;92.0425
29.02.2024;3256.8;91.8692
01.03.2024;3266.66;90.8423
02.03.2024;;91.3336
03.03.2024;;91.3336
04.03.2024;3296.75;91.3336
05.03.2024;3300.89;91.3534
06.03.2024;3310.58;91.1604
07.03.2024;3315.68;90.3412
08.03.2024;;90.7493
09.03.2024;;90.7493
10.03.2024;;90.7493
11.03.2024;3320.31;90.7493
12.03.2024;3332.6;90.6252
13.03.2024;3320.68;90.8818
14.03.2024;3297;91.5449
15.03.2024;3300.07;91.6359
16.03.2024;;91.87
17.03.2024;;91.87
18.03.2024;3296.3;91.87
19.03.2024;3264.97;91.9829
20.03.2024;3267.1;92.2243
21.03.2024;3286.69;92.6861
22.03.2024;3273.49;91.9499
23.03.2024;;92.6118
24.03.2024;;92.6118
25.03.2024;3281.63;92.6118
26.03.2024;3285.54;92.7761
27.03.2024;3304.09;92.5745
28.03.2024;3312.77;92.5919
29.03.2024;3332.53;92.2628
30.03.2024;;92.366
31.03.2024;;92.366
01.04.2024;3363.29;92.366
02.04.2024;3371.29;92.2914
03.04.2024;3395.59;92.5254
04.04.2024;3407.57;92.3892
05.04.2024;3395.37;92.3058
06.04.2024;;92.4155
07.04.2024;;92.4155
08.04.2024;3417.38;92.4155
09.04.2024;3414.26;92.581
10.04.2024;3439.11;92.7463
11.04.2024;3439.53;93.2198
12.04.2024;3456.24;93.7196
13.04.2024;;93.4419
14.04.2024;;93.4419
15.04.2024;3472.19;93.4419
16.04.2024;3462.94;93.5891
17.04.2024;3454.07;94.0742
18.04.2024;3455.82;94.3242
19.04.2024;3470.88;94.0922
20.04.2024;;93.4409
21.04.2024;;93.4409
22.04.2024;3479.17;93.4409
23.04.2024;3439.42;93.2519
24.04.2024;3428.93;93.2918
25.04.2024;3439.76;92.5058
26.04.2024;3449.77;92.1314
27.04.2024;3465.85;92.0134
28.04.2024;;91.7791
29.04.2024;3478.08;91.7791
30.04.2024;3469.83;91.7791
01.05.2024;;91.7791
02.05.2024;3442.83;91.7791
03.05.2024;3441.77;92.0538
04.05.2024;;91.6918
05.05.2024;;91.6918
06.05.2024;3436.05;91.6918
07.05.2024;3427.61;91.3124
08.05.2024;3432.54;91.1231
09.05.2024;;91.8239
10.05.2024;3449.78;91.8239
11.05.2024;;91.8239
12.05.2024;;91.8239
13.05.2024;3457.11;91.8239
14.05.2024;3463.93;91.633
15.05.2024;3470.72;91.3591
16.05.2024;3486.26;91.2573
17.05.2024;3501.89;90.9239
18.05.2024;;90.9873
19.05.2024;;90.9873
20.05.2024;3468.09;90.9873
21.05.2024;3428.38;90.6537
22.05.2024;3444.64;90.4082
23.05.2024;3442.79;90.1887
24.05.2024;3396.5;90.2486
25.05.2024;;89.7026
26.05.2024;;89.7026
27.05.2024;3299.22;89.7026
28.05.2024;3302.91;88.6852
29.05.2024;3318.03;88.4375
30.05.2024;3282.18;89.2589
31.05.2024;3217.19;89.7869
01.06.2024;;90.1915
02.06.2024;;90.1915
03.06.2024;3141.42;90.1915
04.06.2024;3186.93;89.3755
05.06.2024;3212.24;88.7574
06.06.2024;3192.38;88.7436
07.06.2024;3233.22;88.7604
08.06.2024;;88.7606
09.06.2024;;88.7606
10.06.2024;3180.94;88.7606
11.06.2024;3171.1;88.9944
12.06.2024;;89.0214
13.06.2024;3171.69;89.0214
14.06.2024;3215.91;88.208
15.06.2024;;89.0658
16.06.2024;;89.0658
17.06.2024;3183.68;89.0658
18.06.2024;3114.15;89.0499
19.06.2024;3027.47;87.0354
20.06.2024;3123.43;82.6282
21.06.2024;3114.35;85.4176
22.06.2024;;87.9595
23.06.2024;;87.9595
24.06.2024;3098.05;87.9595
25.06.2024;3111.39;87.373
26.06.2024;3151.7;87.277
27.06.2024;3150.32;87.8064
28.06.2024;3154.36;84.964
29.06.2024;;85.748
30.06.2024;;85.748
01.07.2024;3186.19;85.748
02.07.2024;3217.29;87.2972
03.07.2024;3203.07;87.9921
04.07.2024;3133.81;87.9506
05.07.2024;3149.29;88.1205
06.07.2024;;88.1348
07.07.2024;;88.1348
08.07.2024;3132.58;88.1348
09.07.2024;3054.07;88.1688
10.07.2024;2975.75;88.0031
11.07.2024;2992.21;87.8551
12.07.2024;2973.21;87.988
13.07.2024;;87.7427
14.07.2024;;87.7427
15.07.2024;2913.48;87.7427
16.07.2024;2944.86;87.8077
17.07.2024;2947.24;88.2824
18.07.2024;2980.62;88.0872
19.07.2024;3008.24;87.8754
20.07.2024;;88.0206
21.07.2024;;88.0206
22.07.2024;3024.54;88.0206
23.07.2024;3028.01;87.7805
24.07.2024;3051.76;87.299
25.07.2024;3041.37;86.5502
26.07.2024;2993.23;85.41
27.07.2024;;85.565
28.07.2024;;85.565
29.07.2024;2906.95;85.565
30.07.2024;2944.78;86.5554
31.07.2024;2942.68;86.33
01.08.2024;2935.69;86.1091
02.08.2024;2899;85.7833
03.08.2024;;85.7024
04.08.2024;;85.7024
05.08.2024;2828.72;85.7024
06.08.2024;2830.75;84.9471
07.08.2024;2874.94;85.1646
08.08.2024;2852.51;85.9543
09.08.2024;2848.29;86.5621
10.08.2024;;87.992
11.08.2024;;87.992
12.08.2024;2844.77;87.992
13.08.2024;2884.6;89.9475
14.08.2024;2871.11;92.6592
15.08.2024;2838.11;90.0055
16.08.2024;2828.2;88.796
17.08.2024;;88.9062
18.08.2024;;88.9062
19.08.2024;2775.64;88.9062
20.08.2024;2768.42;89.5428
21.08.2024;2768.14;90.6944
22.08.2024;2725.75;91.6862
23.08.2024;2662.47;91.2881
24.08.2024;;91.6012
25.08.2024;;91.6012
26.08.2024;2763.75;91.6012
27.08.2024;2730.38;91.7745
28.08.2024;2699.98;91.4807
29.08.2024;2708.27;91.4449
30.08.2024;2650.32;91.4548
31.08.2024;;91.1868
01.09.2024;;91.1868
02.09.2024;2545.07;91.1868
03.09.2024;2524.38;90.0013
04.09.2024;2605.15;88.6118
05.09.2024;2621.62;88.9288
06.09.2024;2623.37;89.7044
07.09.2024;;89.8225
08.09.2024;;89.8225
09.09.2024;2703.17;89.8225
10.09.2024;2671.38;90.3853
11.09.2024;2668.03;91.1127
12.09.2024;2615;91.2653
13.09.2024;2678.99;91.1096
14.09.2024;;90.9345
15.09.2024;;90.9345
16.09.2024;2744.2;90.9345
17.09.2024;2774.04;91.1423
18.09.2024;2751.73;91.4292
19.09.2024;2758.91;91.6712
20.09.2024;2782.35;92.6962
21.09.2024;;92.5848
22.09.2024;;92.5848
23.09.2024;2819.87;92.5848
24.09.2024;2871.96;92.92
25.09.2024;2830.11;92.8622
26.09.2024;2829.65;92.388
27.09.2024;2858.56;92.4074
28.09.2024;;92.7126
29.09.2024;;92.7126
30.09.2024;2857.56;92.7126
01.10.2024;2814.19;93.2221
02.10.2024;2766.79;93.3581
03.10.2024;2782.39;94.5054
04.10.2024;2804.62;95.0262
05.10.2024;;94.87
06.10.2024;;94.87
07.10.2024;2793.84;94.87
08.10.2024;2788.37;96.0649
09.10.2024;2748.81;96.1079
10.10.2024;2761.54;96.9483
11.10.2024;2754.52;97.2394
12.10.2024;;96.0686
13.10.2024;;96.0686
14.10.2024;2773.36;96.0686
15.10.2024;2805.79;96.1021
16.10.2024;2783.46;97.0121
17.10.2024;2763.53;97.2568
18.10.2024;2751.9;97.149
19.10.2024;;96.4172
20.10.2024;;96.4172
21.10.2024;2767.71;96.4172
22.10.2024;2755.19;96.0924
23.10.2024;2734.93;96.5918
24.10.2024;2718.42;96.6379
25.10.2024;2660.36;96.7402
26.10.2024;;96.6657
27.10.2024;;96.6657
28.10.2024;2575.06;96.6657
29.10.2024;2599.66;97.23
30.10.2024;2615.38;97.3261
31.10.2024;2560.2;97.053
01.11.2024;2574.71;97.0226
02.11.2024;2594.38;97.4402
03.11.2024;;97.5499
04.11.2024;;97.5499
05.11.2024;2616.51;97.5499
06.11.2024;2662.87;98.0562
07.11.2024;2690.63;98.2236
08.11.2024;2734.56;98.0726
09.11.2024;;97.8335
10.11.2024;;97.8335
11.11.2024;2785.31;97.8335
12.11.2024;2756.76;97.955
13.11.2024;2763.99;97.9559
14.11.2024;2697.47;98.3657
15.11.2024;2739.21;99.018
16.11.2024;;99.9971
17.11.2024;;99.9971
18.11.2024;2720.77;99.9971
19.11.2024;2630.51;99.943
20.11.2024;2596.89;100.0348
21.11.2024;2568.6;100.2192
22.11.2024;2581.05;100.6798
23.11.2024;;102.5761
24.11.2024;;102.5761
25.11.2024;2530.69;102.5761
26.11.2024;2464.35;103.7908
27.11.2024;2491.88;105.0604
28.11.2024;2547.88;108.0104
29.11.2024;2578;109.5782
30.11.2024;;107.7409
01.12.2024;;107.7409
02.12.2024;2586.74;107.7409
03.12.2024;2539.64;107.1758
04.12.2024;2485.62;106.1878
05.12.2024;2510.83;104.2361
06.12.2024;2536.23;103.3837
07.12.2024;;99.4215
08.12.2024;;99.4215
09.12.2024;2572.89;99.4215
10.12.2024;2522.75;99.3759
11.12.2024;2512.54;100.0324
12.12.2024;2492.63;103.2707
13.12.2024;2485.2;103.95
14.12.2024;;103.4305
15.12.2024;;103.4305
16.12.2024;2420.3;103.4305
17.12.2024;2377.15;102.9125
18.12.2024;2409.35;102.9979
19.12.2024;2416.45;102.7763
20.12.2024;2638.42;103.4207
21.12.2024;;102.3438
22.12.2024;;102.3438
23.12.2024;2702.48;102.3438
24.12.2024;2690.96;101.6143
25.12.2024;2732.83;99.8729
26.12.2024;2766.57;99.6125
27.12.2024;2757.45;99.2295
28.12.2024;2786.67;100.5281
29.12.2024;;101.6797
30.12.2024;2883.04;101.6797
31.12.2024;;101.6797
01.01.2025;;101.6797
